station_id,y_true,y_pred,error,mode,env,feature_family
S01,24.0251483870968,19.894763205509005,4.130385181587794,baseline,,raw_intensity
S02,20.4213806451613,18.06484979074718,2.356530854414121,baseline,,raw_intensity
S03,99.957735,87.73351642892797,12.22421857107203,baseline,,raw_intensity
S04,3.62585384615385,22.63780613072479,-19.011952284570942,baseline,,raw_intensity
S05,4.43015,-2.2817177831162,6.7118677831162,baseline,,raw_intensity
S06,8.97778333333333,15.369969032461675,-6.392185699128346,baseline,,raw_intensity
S07,16.7150777777778,32.116729081971776,-15.401651304193976,baseline,,raw_intensity
S08,7.9836,5.590322337467075,2.393277662532925,baseline,,raw_intensity
S09,2.54056666666667,6.027842656831847,-3.4872759901651773,baseline,,raw_intensity
S10,9.16958,-0.8642960855716098,10.03387608557161,baseline,,raw_intensity
S11,6.10548461538461,7.169197524164611,-1.0637129087800012,baseline,,raw_intensity
S12,3.49926363636364,4.284892404678915,-0.7856287683152754,baseline,,raw_intensity
S13,5.6308,2.3515112565670258,3.279288743432974,baseline,,raw_intensity
S14,21.9599818181818,20.94115059924939,1.0188312189324087,baseline,,raw_intensity
S15,0.71624,11.009048398274345,-10.292808398274346,baseline,,raw_intensity
S16,3.32952,4.6713180025613905,-1.3417980025613905,baseline,,raw_intensity
S17,2.90764444444444,-2.099199887967437,5.006844332411877,baseline,,raw_intensity
S18,3.38784375,-0.8173125948475111,4.205156344847511,baseline,,raw_intensity
S19,102.275121428571,122.19561826285685,-19.920496834285856,baseline,,raw_intensity
S20,22.9654636363636,9.809053072806845,13.156410563556756,baseline,,raw_intensity
S21,20.3272333333333,33.24921556728372,-12.92198223395042,baseline,,raw_intensity
S22,97.8035117647059,75.48956800483072,22.313943759875187,baseline,,raw_intensity
S23,8.98973,17.067002205145826,-8.077272205145826,baseline,,raw_intensity
S24,2.53203,7.640312968184357,-5.108282968184358,baseline,,raw_intensity
S25,4.79285,8.326726295722326,-3.533876295722326,baseline,,raw_intensity
S26,8.33764166666666,6.851784265150874,1.4858574015157853,baseline,,raw_intensity
S27,11.6123555555556,6.5259162860844775,5.086439269471123,baseline,,raw_intensity
S28,4.7573125,12.808133891018214,-8.050821391018214,baseline,,raw_intensity
S30,1.22957,-0.9045049036265596,2.1340749036265594,baseline,,raw_intensity
S01,24.0251483870968,21.191880826674492,2.833267560422307,concat,salinity,raw_intensity
S02,20.4213806451613,22.227743068100413,-1.806362422939113,concat,salinity,raw_intensity
S03,99.957735,88.44536725061585,11.512367749384154,concat,salinity,raw_intensity
S04,3.62585384615385,21.204108147336473,-17.578254301182625,concat,salinity,raw_intensity
S05,4.43015,-0.7761521695473235,5.206302169547324,concat,salinity,raw_intensity
S06,8.97778333333333,18.50298119071597,-9.525197857382642,concat,salinity,raw_intensity
S07,16.7150777777778,28.824455155655457,-12.109377377877657,concat,salinity,raw_intensity
S08,7.9836,6.42324854529714,1.56035145470286,concat,salinity,raw_intensity
S09,2.54056666666667,6.917376063668655,-4.376809397001985,concat,salinity,raw_intensity
S10,9.16958,-4.388944694102484,13.558524694102484,concat,salinity,raw_intensity
S11,6.10548461538461,8.879320848559468,-2.7738362331748583,concat,salinity,raw_intensity
S12,3.49926363636364,3.864290389909044,-0.36502675354540415,concat,salinity,raw_intensity
S13,5.6308,1.4390810831802625,4.191718916819737,concat,salinity,raw_intensity
S14,21.9599818181818,19.644241759303096,2.3157400588787027,concat,salinity,raw_intensity
S15,0.71624,9.809710812343436,-9.093470812343437,concat,salinity,raw_intensity
S16,3.32952,4.08281494634544,-0.7532949463454401,concat,salinity,raw_intensity
S17,2.90764444444444,-2.1472267980340405,5.05487124247848,concat,salinity,raw_intensity
S18,3.38784375,-0.3329613325133529,3.720805082513353,concat,salinity,raw_intensity
S19,102.275121428571,123.06321472656097,-20.788093297989974,concat,salinity,raw_intensity
S20,22.9654636363636,1.090043692990534,21.875419943373068,concat,salinity,raw_intensity
S21,20.3272333333333,34.173320862554604,-13.846087529221304,concat,salinity,raw_intensity
S22,97.8035117647059,71.41720428423783,26.386307480468076,concat,salinity,raw_intensity
S23,8.98973,16.33454693748976,-7.3448169374897585,concat,salinity,raw_intensity
S24,2.53203,6.50011751186149,-3.96808751186149,concat,salinity,raw_intensity
S25,4.79285,7.68832407082169,-2.89547407082169,concat,salinity,raw_intensity
S26,8.33764166666666,5.257974896127939,3.0796667705387204,concat,salinity,raw_intensity
S27,11.6123555555556,5.321363777491628,6.290991778063972,concat,salinity,raw_intensity
S28,4.7573125,11.92085518666153,-7.16354268666153,concat,salinity,raw_intensity
S30,1.22957,-1.8631618779631829,3.0927318779631827,concat,salinity,raw_intensity
S01,24.0251483870968,11.84995546698061,12.175192920116189,corrected,salinity,raw_intensity
S02,20.4213806451613,13.922442757559313,6.498937887601986,corrected,salinity,raw_intensity
S03,99.957735,95.40384677639534,4.553888223604659,corrected,salinity,raw_intensity
S04,3.62585384615385,19.95717956378933,-16.331325717635483,corrected,salinity,raw_intensity
S05,4.43015,-2.838760740517074,7.268910740517074,corrected,salinity,raw_intensity
S06,8.97778333333333,17.916378543614382,-8.938595210281052,corrected,salinity,raw_intensity
S07,16.7150777777778,33.069107980416135,-16.354030202638334,corrected,salinity,raw_intensity
S08,7.9836,5.123633149918524,2.8599668500814763,corrected,salinity,raw_intensity
S09,2.54056666666667,5.6965665661760845,-3.1559998995094145,corrected,salinity,raw_intensity
S10,9.16958,-4.453994779323779,13.623574779323778,corrected,salinity,raw_intensity
S11,6.10548461538461,8.414774648325333,-2.309290032940723,corrected,salinity,raw_intensity
S12,3.49926363636364,3.5105589443370455,-0.0112953079734055,corrected,salinity,raw_intensity
S13,5.6308,0.20485953928330503,5.425940460716695,corrected,salinity,raw_intensity
S14,21.9599818181818,15.886129456664783,6.073852361517016,corrected,salinity,raw_intensity
S15,0.71624,10.690565745861191,-9.97432574586119,corrected,salinity,raw_intensity
S16,3.32952,2.369655181529076,0.959864818470924,corrected,salinity,raw_intensity
S17,2.90764444444444,-2.077490528571971,4.985134973016411,corrected,salinity,raw_intensity
S18,3.38784375,-0.16099108362313075,3.548834833623131,corrected,salinity,raw_intensity
S19,102.275121428571,124.93851809281699,-22.663396664245994,corrected,salinity,raw_intensity
S20,22.9654636363636,1.7185056474980165,21.246957988865585,corrected,salinity,raw_intensity
S21,20.3272333333333,13.53926069691741,6.7879726364158905,corrected,salinity,raw_intensity
S22,97.8035117647059,69.55193217151867,28.25157959318723,corrected,salinity,raw_intensity
S23,8.98973,18.307285248134097,-9.317555248134097,corrected,salinity,raw_intensity
S24,2.53203,5.009824729461396,-2.4777947294613965,corrected,salinity,raw_intensity
S25,4.79285,10.410136006977364,-5.6172860069773645,corrected,salinity,raw_intensity
S26,8.33764166666666,10.334398265070288,-1.9967565984036284,corrected,salinity,raw_intensity
S27,11.6123555555556,4.636125111168489,6.976230444387111,corrected,salinity,raw_intensity
S28,4.7573125,11.579296255703113,-6.821983755703113,corrected,salinity,raw_intensity
S30,1.22957,-1.7765583310569042,3.006128331056904,corrected,salinity,raw_intensity
S01,24.0251483870968,18.112416655164434,5.9127317319323645,environment_only,salinity,raw_intensity
S02,20.4213806451613,18.257149221356624,2.164231423804676,environment_only,salinity,raw_intensity
S03,99.957735,13.566777641817273,86.39095735818273,environment_only,salinity,raw_intensity
S04,3.62585384615385,18.834490678547215,-15.208636832393365,environment_only,salinity,raw_intensity
S05,4.43015,18.865448870983577,-14.435298870983576,environment_only,salinity,raw_intensity
S06,8.97778333333333,18.67697376729987,-9.69919043396654,environment_only,salinity,raw_intensity
S07,16.7150777777778,18.356676860000228,-1.6415990822224273,environment_only,salinity,raw_intensity
S08,7.9836,18.71758585866002,-10.73398585866002,environment_only,salinity,raw_intensity
S09,2.54056666666667,18.91987539124928,-16.37930872458261,environment_only,salinity,raw_intensity
S10,9.16958,18.63278054027684,-9.46320054027684,environment_only,salinity,raw_intensity
S11,6.10548461538461,18.763919268289886,-12.658434652905276,environment_only,salinity,raw_intensity
S12,3.49926363636364,18.848326696807653,-15.349063060444013,environment_only,salinity,raw_intensity
S13,5.6308,18.765037168015258,-13.134237168015257,environment_only,salinity,raw_intensity
S14,21.9599818181818,18.159513631846306,3.800468186335493,environment_only,salinity,raw_intensity
S15,0.71624,18.940977280715703,-18.224737280715704,environment_only,salinity,raw_intensity
S16,3.32952,18.843113018436316,-15.513593018436316,environment_only,salinity,raw_intensity
S17,2.90764444444444,18.85852449663681,-15.950880052192371,environment_only,salinity,raw_intensity
S18,3.38784375,18.841274546258425,-15.453430796258425,environment_only,salinity,raw_intensity
S19,102.275121428571,15.199554680545305,87.0755667480257,environment_only,salinity,raw_intensity
S20,22.9654636363636,18.124415948967954,4.841047687395648,environment_only,salinity,raw_intensity
S21,20.3272333333333,18.2319716130189,2.095261720314401,environment_only,salinity,raw_intensity
S22,97.8035117647059,15.437668366151378,82.36584339855452,environment_only,salinity,raw_intensity
S23,8.98973,18.639270598290175,-9.649540598290175,environment_only,salinity,raw_intensity
S24,2.53203,18.87266938594873,-16.34063938594873,environment_only,salinity,raw_intensity
S25,4.79285,18.792017115077368,-13.999167115077368,environment_only,salinity,raw_intensity
S26,8.33764166666666,18.662935421637528,-10.325293754970868,environment_only,salinity,raw_intensity
S27,11.6123555555556,18.54461029516048,-6.932254739604881,environment_only,salinity,raw_intensity
S28,4.7573125,18.79189401493896,-14.03458151493896,environment_only,salinity,raw_intensity
S30,1.22957,18.92136966273404,-17.69179966273404,environment_only,salinity,raw_intensity
S01,24.0251483870968,19.894763205509005,4.130385181587794,baseline,,raw_intensity
S02,20.4213806451613,18.06484979074718,2.356530854414121,baseline,,raw_intensity
S03,99.957735,87.73351642892797,12.22421857107203,baseline,,raw_intensity
S04,3.62585384615385,22.63780613072479,-19.011952284570942,baseline,,raw_intensity
S05,4.43015,-2.2817177831162,6.7118677831162,baseline,,raw_intensity
S06,8.97778333333333,15.369969032461675,-6.392185699128346,baseline,,raw_intensity
S07,16.7150777777778,32.116729081971776,-15.401651304193976,baseline,,raw_intensity
S08,7.9836,5.590322337467075,2.393277662532925,baseline,,raw_intensity
S09,2.54056666666667,6.027842656831847,-3.4872759901651773,baseline,,raw_intensity
S10,9.16958,-0.8642960855716098,10.03387608557161,baseline,,raw_intensity
S11,6.10548461538461,7.169197524164611,-1.0637129087800012,baseline,,raw_intensity
S12,3.49926363636364,4.284892404678915,-0.7856287683152754,baseline,,raw_intensity
S13,5.6308,2.3515112565670258,3.279288743432974,baseline,,raw_intensity
S14,21.9599818181818,20.94115059924939,1.0188312189324087,baseline,,raw_intensity
S15,0.71624,11.009048398274345,-10.292808398274346,baseline,,raw_intensity
S16,3.32952,4.6713180025613905,-1.3417980025613905,baseline,,raw_intensity
S17,2.90764444444444,-2.099199887967437,5.006844332411877,baseline,,raw_intensity
S18,3.38784375,-0.8173125948475111,4.205156344847511,baseline,,raw_intensity
S19,102.275121428571,122.19561826285685,-19.920496834285856,baseline,,raw_intensity
S20,22.9654636363636,9.809053072806845,13.156410563556756,baseline,,raw_intensity
S21,20.3272333333333,33.24921556728372,-12.92198223395042,baseline,,raw_intensity
S22,97.8035117647059,75.48956800483072,22.313943759875187,baseline,,raw_intensity
S23,8.98973,17.067002205145826,-8.077272205145826,baseline,,raw_intensity
S24,2.53203,7.640312968184357,-5.108282968184358,baseline,,raw_intensity
S25,4.79285,8.326726295722326,-3.533876295722326,baseline,,raw_intensity
S26,8.33764166666666,6.851784265150874,1.4858574015157853,baseline,,raw_intensity
S27,11.6123555555556,6.5259162860844775,5.086439269471123,baseline,,raw_intensity
S28,4.7573125,12.808133891018214,-8.050821391018214,baseline,,raw_intensity
S30,1.22957,-0.9045049036265596,2.1340749036265594,baseline,,raw_intensity
S01,24.0251483870968,23.66340309611619,0.3617452909806076,concat,pH,raw_intensity
S02,20.4213806451613,17.834124120944807,2.5872565242164924,concat,pH,raw_intensity
S03,99.957735,84.015507278058,15.942227721942004,concat,pH,raw_intensity
S04,3.62585384615385,21.344972530283435,-17.719118684129587,concat,pH,raw_intensity
S05,4.43015,-3.2155079009169363,7.6456579009169365,concat,pH,raw_intensity
S06,8.97778333333333,15.03480173175068,-6.05701839841735,concat,pH,raw_intensity
S07,16.7150777777778,29.294532100290688,-12.579454322512888,concat,pH,raw_intensity
S08,7.9836,6.471551141018951,1.512048858981049,concat,pH,raw_intensity
S09,2.54056666666667,6.262711839100316,-3.722145172433646,concat,pH,raw_intensity
S10,9.16958,-1.415301745566417,10.584881745566417,concat,pH,raw_intensity
S11,6.10548461538461,6.229344580075399,-0.12385996469078897,concat,pH,raw_intensity
S12,3.49926363636364,4.57012135624403,-1.0708577198803901,concat,pH,raw_intensity
S13,5.6308,1.6622891346390638,3.968510865360936,concat,pH,raw_intensity
S14,21.9599818181818,20.332013107798705,1.6279687103830938,concat,pH,raw_intensity
S15,0.71624,13.983927057662815,-13.267687057662815,concat,pH,raw_intensity
S16,3.32952,5.813088535903303,-2.4835685359033026,concat,pH,raw_intensity
S17,2.90764444444444,-2.181066344051196,5.088710788495636,concat,pH,raw_intensity
S18,3.38784375,-1.1408716008124635,4.528715350812464,concat,pH,raw_intensity
S19,102.275121428571,118.8781254415397,-16.603004012968697,concat,pH,raw_intensity
S20,22.9654636363636,12.44286933882601,10.52259429753759,concat,pH,raw_intensity
S21,20.3272333333333,26.193114249984255,-5.865880916650955,concat,pH,raw_intensity
S22,97.8035117647059,76.76052909678464,21.042982667921265,concat,pH,raw_intensity
S23,8.98973,16.126124390775487,-7.136394390775488,concat,pH,raw_intensity
S24,2.53203,7.485669527248401,-4.953639527248401,concat,pH,raw_intensity
S25,4.79285,11.606733518059563,-6.813883518059564,concat,pH,raw_intensity
S26,8.33764166666666,5.983147766228276,2.354493900438383,concat,pH,raw_intensity
S27,11.6123555555556,7.345125023757763,4.267230531797837,concat,pH,raw_intensity
S28,4.7573125,9.728254661876388,-4.970942161876388,concat,pH,raw_intensity
S30,1.22957,-1.6868252256109777,2.9163952256109775,concat,pH,raw_intensity
S01,24.0251483870968,11.40184080916795,12.623307577928848,corrected,pH,raw_intensity
S02,20.4213806451613,20.817153537020822,-0.39577289185952225,corrected,pH,raw_intensity
S03,99.957735,85.4493129594557,14.508422040544303,corrected,pH,raw_intensity
S04,3.62585384615385,18.705808228590726,-15.079954382436876,corrected,pH,raw_intensity
S05,4.43015,-0.7987887749301628,5.228938774930163,corrected,pH,raw_intensity
S06,8.97778333333333,12.743286011713511,-3.765502678380182,corrected,pH,raw_intensity
S07,16.7150777777778,23.19476972507731,-6.479691947299511,corrected,pH,raw_intensity
S08,7.9836,5.14369093586399,2.83990906413601,corrected,pH,raw_intensity
S09,2.54056666666667,6.5084447199523385,-3.9678780532856686,corrected,pH,raw_intensity
S10,9.16958,0.08280170021242483,9.086778299787575,corrected,pH,raw_intensity
S11,6.10548461538461,10.211500335033216,-4.106015719648607,corrected,pH,raw_intensity
S12,3.49926363636364,5.30482004265742,-1.8055564062937801,corrected,pH,raw_intensity
S13,5.6308,6.905090019322186,-1.2742900193221862,corrected,pH,raw_intensity
S14,21.9599818181818,18.93198525820932,3.027996559972479,corrected,pH,raw_intensity
S15,0.71624,6.846430902392349,-6.130190902392349,corrected,pH,raw_intensity
S16,3.32952,7.725402354362075,-4.395882354362074,corrected,pH,raw_intensity
S17,2.90764444444444,-0.2555395512299192,3.163183995674359,corrected,pH,raw_intensity
S18,3.38784375,3.455692140657945,-0.06784839065794479,corrected,pH,raw_intensity
S19,102.275121428571,119.92246388348778,-17.64734245491678,corrected,pH,raw_intensity
S20,22.9654636363636,22.992156781445004,-0.026693145081402747,corrected,pH,raw_intensity
S21,20.3272333333333,39.77286991965402,-19.44563658632072,corrected,pH,raw_intensity
S22,97.8035117647059,71.81861439417327,25.984897370532636,corrected,pH,raw_intensity
S23,8.98973,13.988661749469419,-4.998931749469419,corrected,pH,raw_intensity
S24,2.53203,8.358982650724824,-5.826952650724825,corrected,pH,raw_intensity
S25,4.79285,3.908641424364589,0.8842085756354106,corrected,pH,raw_intensity
S26,8.33764166666666,5.831495899857693,2.5061457668089666,corrected,pH,raw_intensity
S27,11.6123555555556,7.24046923020933,4.371886325346271,corrected,pH,raw_intensity
S28,4.7573125,26.816992402995684,-22.059679902995683,corrected,pH,raw_intensity
S30,1.22957,0.17465798871180382,1.0549120112881962,corrected,pH,raw_intensity
S01,24.0251483870968,18.54492357892676,5.480224808170039,environment_only,pH,raw_intensity
S02,20.4213806451613,18.120747682768368,2.300632962392932,environment_only,pH,raw_intensity
S03,99.957735,15.45200614186802,84.50572885813197,environment_only,pH,raw_intensity
S04,3.62585384615385,18.786117810204544,-15.160263964050694,environment_only,pH,raw_intensity
S05,4.43015,18.789394057012178,-14.359244057012177,environment_only,pH,raw_intensity
S06,8.97778333333333,18.671969444017517,-9.694186110684187,environment_only,pH,raw_intensity
S07,16.7150777777778,18.387800841992142,-1.6727230642143418,environment_only,pH,raw_intensity
S08,7.9836,18.699831022944615,-10.716231022944616,environment_only,pH,raw_intensity
S09,2.54056666666667,18.856908939545498,-16.316342272878828,environment_only,pH,raw_intensity
S10,9.16958,18.696545314738238,-9.526965314738238,environment_only,pH,raw_intensity
S11,6.10548461538461,18.6726934107398,-12.56720879535519,environment_only,pH,raw_intensity
S12,3.49926363636364,18.86785656925724,-15.368592932893598,environment_only,pH,raw_intensity
S13,5.6308,18.6452675830084,-13.0144675830084,environment_only,pH,raw_intensity
S14,21.9599818181818,18.189223807153184,3.770758011028615,environment_only,pH,raw_intensity
S15,0.71624,19.146927521480446,-18.430687521480447,environment_only,pH,raw_intensity
S16,3.32952,18.779523371584943,-15.450003371584943,environment_only,pH,raw_intensity
S17,2.90764444444444,18.818839989270817,-15.911195544826377,environment_only,pH,raw_intensity
S18,3.38784375,18.724041051726857,-15.336197301726857,environment_only,pH,raw_intensity
S19,102.275121428571,8.643289419603366,93.63183200896763,environment_only,pH,raw_intensity
S20,22.9654636363636,18.179220347611036,4.786243288752566,environment_only,pH,raw_intensity
S21,20.3272333333333,18.318727989415752,2.008505343917548,environment_only,pH,raw_intensity
S22,97.8035117647059,15.526517926032968,82.27699383867294,environment_only,pH,raw_intensity
S23,8.98973,18.687102589169626,-9.697372589169627,environment_only,pH,raw_intensity
S24,2.53203,18.825334807770158,-16.29330480777016,environment_only,pH,raw_intensity
S25,4.79285,19.022625158903974,-14.229775158903974,environment_only,pH,raw_intensity
S26,8.33764166666666,18.65345441971757,-10.31581275305091,environment_only,pH,raw_intensity
S27,11.6123555555556,18.573954033529006,-6.961598477973405,environment_only,pH,raw_intensity
S28,4.7573125,18.31634665971841,-13.559034159718408,environment_only,pH,raw_intensity
S30,1.22957,18.87547692341461,-17.64590692341461,environment_only,pH,raw_intensity
S01,24.0251483870968,19.894763205509005,4.130385181587794,baseline,,raw_intensity
S02,20.4213806451613,18.06484979074718,2.356530854414121,baseline,,raw_intensity
S03,99.957735,87.73351642892797,12.22421857107203,baseline,,raw_intensity
S04,3.62585384615385,22.63780613072479,-19.011952284570942,baseline,,raw_intensity
S05,4.43015,-2.2817177831162,6.7118677831162,baseline,,raw_intensity
S06,8.97778333333333,15.369969032461675,-6.392185699128346,baseline,,raw_intensity
S07,16.7150777777778,32.116729081971776,-15.401651304193976,baseline,,raw_intensity
S08,7.9836,5.590322337467075,2.393277662532925,baseline,,raw_intensity
S09,2.54056666666667,6.027842656831847,-3.4872759901651773,baseline,,raw_intensity
S10,9.16958,-0.8642960855716098,10.03387608557161,baseline,,raw_intensity
S11,6.10548461538461,7.169197524164611,-1.0637129087800012,baseline,,raw_intensity
S12,3.49926363636364,4.284892404678915,-0.7856287683152754,baseline,,raw_intensity
S13,5.6308,2.3515112565670258,3.279288743432974,baseline,,raw_intensity
S14,21.9599818181818,20.94115059924939,1.0188312189324087,baseline,,raw_intensity
S15,0.71624,11.009048398274345,-10.292808398274346,baseline,,raw_intensity
S16,3.32952,4.6713180025613905,-1.3417980025613905,baseline,,raw_intensity
S17,2.90764444444444,-2.099199887967437,5.006844332411877,baseline,,raw_intensity
S18,3.38784375,-0.8173125948475111,4.205156344847511,baseline,,raw_intensity
S19,102.275121428571,122.19561826285685,-19.920496834285856,baseline,,raw_intensity
S20,22.9654636363636,9.809053072806845,13.156410563556756,baseline,,raw_intensity
S21,20.3272333333333,33.24921556728372,-12.92198223395042,baseline,,raw_intensity
S22,97.8035117647059,75.48956800483072,22.313943759875187,baseline,,raw_intensity
S23,8.98973,17.067002205145826,-8.077272205145826,baseline,,raw_intensity
S24,2.53203,7.640312968184357,-5.108282968184358,baseline,,raw_intensity
S25,4.79285,8.326726295722326,-3.533876295722326,baseline,,raw_intensity
S26,8.33764166666666,6.851784265150874,1.4858574015157853,baseline,,raw_intensity
S27,11.6123555555556,6.5259162860844775,5.086439269471123,baseline,,raw_intensity
S28,4.7573125,12.808133891018214,-8.050821391018214,baseline,,raw_intensity
S30,1.22957,-0.9045049036265596,2.1340749036265594,baseline,,raw_intensity
S01,24.0251483870968,19.834950297971407,4.190198089125392,concat,temperature,raw_intensity
S02,20.4213806451613,18.047789585722573,2.373591059438727,concat,temperature,raw_intensity
S03,99.957735,87.70013920707169,12.257595792928313,concat,temperature,raw_intensity
S04,3.62585384615385,21.551169768416237,-17.92531592226239,concat,temperature,raw_intensity
S05,4.43015,-3.0163848520309777,7.446534852030978,concat,temperature,raw_intensity
S06,8.97778333333333,14.947356887154886,-5.969573553821556,concat,temperature,raw_intensity
S07,16.7150777777778,29.95130930196094,-13.23623152418314,concat,temperature,raw_intensity
S08,7.9836,5.397493425177464,2.5861065748225363,concat,temperature,raw_intensity
S09,2.54056666666667,5.553157723162885,-3.012591056496215,concat,temperature,raw_intensity
S10,9.16958,-5.985933714118978,15.155513714118978,concat,temperature,raw_intensity
S11,6.10548461538461,7.142599897723837,-1.0371152823392276,concat,temperature,raw_intensity
S12,3.49926363636364,4.326496160640543,-0.8272325242769032,concat,temperature,raw_intensity
S13,5.6308,2.2541320430825387,3.376667956917461,concat,temperature,raw_intensity
S14,21.9599818181818,20.278624994300827,1.6813568238809715,concat,temperature,raw_intensity
S15,0.71624,10.898228768513967,-10.181988768513968,concat,temperature,raw_intensity
S16,3.32952,5.031938379301415,-1.7024183793014154,concat,temperature,raw_intensity
S17,2.90764444444444,-2.62457886419341,5.53222330863785,concat,temperature,raw_intensity
S18,3.38784375,-1.0120271943915604,4.3998709443915605,concat,temperature,raw_intensity
S19,102.275121428571,142.60782569288804,-40.332704264317044,concat,temperature,raw_intensity
S20,22.9654636363636,9.9715817569721,12.993881879391502,concat,temperature,raw_intensity
S21,20.3272333333333,33.27392989787317,-12.946696564539867,concat,temperature,raw_intensity
S22,97.8035117647059,74.23059655779099,23.572915206914914,concat,temperature,raw_intensity
S23,8.98973,17.540172710678668,-8.550442710678668,concat,temperature,raw_intensity
S24,2.53203,7.773393268173084,-5.241363268173084,concat,temperature,raw_intensity
S25,4.79285,8.711572083217833,-3.9187220832178333,concat,temperature,raw_intensity
S26,8.33764166666666,6.342742622477623,1.9948990441890366,concat,temperature,raw_intensity
S27,11.6123555555556,6.47192547156876,5.140430083986841,concat,temperature,raw_intensity
S28,4.7573125,13.55908877417001,-8.80177627417001,concat,temperature,raw_intensity
S30,1.22957,-1.1531181175279137,2.3826881175279135,concat,temperature,raw_intensity
S01,24.0251483870968,18.5866134981302,5.4385348889666005,corrected,temperature,raw_intensity
S02,20.4213806451613,13.321068890008029,7.100311755153271,corrected,temperature,raw_intensity
S03,99.957735,82.10484591082043,17.85288908917957,corrected,temperature,raw_intensity
S04,3.62585384615385,17.536558033544647,-13.910704187390797,corrected,temperature,raw_intensity
S05,4.43015,2.8603316807393906,1.5698183192606097,corrected,temperature,raw_intensity
S06,8.97778333333333,17.434308723722655,-8.456525390389325,corrected,temperature,raw_intensity
S07,16.7150777777778,23.799288753345564,-7.084210975567764,corrected,temperature,raw_intensity
S08,7.9836,7.66306824521922,0.32053175478078,corrected,temperature,raw_intensity
S09,2.54056666666667,8.077425855267093,-5.536859188600422,corrected,temperature,raw_intensity
S10,9.16958,2.0290295523842268,7.140550447615773,corrected,temperature,raw_intensity
S11,6.10548461538461,16.196203848577728,-10.090719233193118,corrected,temperature,raw_intensity
S12,3.49926363636364,2.152497674107636,1.3467659622560042,corrected,temperature,raw_intensity
S13,5.6308,10.581172157161715,-4.950372157161715,corrected,temperature,raw_intensity
S14,21.9599818181818,17.879179143536884,4.080802674644914,corrected,temperature,raw_intensity
S15,0.71624,13.746107585478622,-13.029867585478623,corrected,temperature,raw_intensity
S16,3.32952,4.589002859014629,-1.259482859014629,corrected,temperature,raw_intensity
S17,2.90764444444444,3.228399016265403,-0.320754571820963,corrected,temperature,raw_intensity
S18,3.38784375,4.604011963589018,-1.2161682135890182,corrected,temperature,raw_intensity
S19,102.275121428571,114.55403673049875,-12.278915301927753,corrected,temperature,raw_intensity
S20,22.9654636363636,29.96737314327961,-7.001909506916007,corrected,temperature,raw_intensity
S21,20.3272333333333,47.88886662021931,-27.56163328688601,corrected,temperature,raw_intensity
S22,97.8035117647059,73.59850018324671,24.20501158145919,corrected,temperature,raw_intensity
S23,8.98973,3.8087910238159797,5.18093897618402,corrected,temperature,raw_intensity
S24,2.53203,4.609042974668203,-2.077012974668203,corrected,temperature,raw_intensity
S25,4.79285,-0.5706312128587001,5.3634812128587,corrected,temperature,raw_intensity
S26,8.33764166666666,4.297501872567285,4.040139794099375,corrected,temperature,raw_intensity
S27,11.6123555555556,7.356446705275879,4.255908850279722,corrected,temperature,raw_intensity
S28,4.7573125,12.401324838135999,-7.644012338135998,corrected,temperature,raw_intensity
S30,1.22957,-5.352988929967861,6.582558929967861,corrected,temperature,raw_intensity
S01,24.0251483870968,18.211876614296084,5.813271772800714,environment_only,temperature,raw_intensity
S02,20.4213806451613,18.346705261235325,2.0746753839259746,environment_only,temperature,raw_intensity
S03,99.957735,15.46711492353433,84.49062007646567,environment_only,temperature,raw_intensity
S04,3.62585384615385,18.885453261079928,-15.259599414926077,environment_only,temperature,raw_intensity
S05,4.43015,18.624886283058476,-14.194736283058475,environment_only,temperature,raw_intensity
S06,8.97778333333333,18.50440929211141,-9.526625958778082,environment_only,temperature,raw_intensity
S07,16.7150777777778,18.326919388133465,-1.6118416103556648,environment_only,temperature,raw_intensity
S08,7.9836,18.592796104258465,-10.609196104258466,environment_only,temperature,raw_intensity
S09,2.54056666666667,18.776941758583153,-16.236375091916482,environment_only,temperature,raw_intensity
S10,9.16958,18.7091066865816,-9.539526686581599,environment_only,temperature,raw_intensity
S11,6.10548461538461,18.5001989930303,-12.39471437764569,environment_only,temperature,raw_intensity
S12,3.49926363636364,19.04479772658175,-15.545534090218109,environment_only,temperature,raw_intensity
S13,5.6308,18.55911478469764,-12.92831478469764,environment_only,temperature,raw_intensity
S14,21.9599818181818,18.1821898918807,3.7777919263010986,environment_only,temperature,raw_intensity
S15,0.71624,18.833332675835653,-18.117092675835654,environment_only,temperature,raw_intensity
S16,3.32952,18.863650016836754,-15.534130016836754,environment_only,temperature,raw_intensity
S17,2.90764444444444,18.702862852969623,-15.795218408525184,environment_only,temperature,raw_intensity
S18,3.38784375,18.6911133630713,-15.303269613071299,environment_only,temperature,raw_intensity
S19,102.275121428571,11.002070851688803,91.2730505768822,environment_only,temperature,raw_intensity
S20,22.9654636363636,18.01676872536343,4.948694911000171,environment_only,temperature,raw_intensity
S21,20.3272333333333,18.118184583700028,2.209048749633272,environment_only,temperature,raw_intensity
S22,97.8035117647059,15.483510617232424,82.32000114747348,environment_only,temperature,raw_intensity
S23,8.98973,19.05628723325814,-10.06655723325814,environment_only,temperature,raw_intensity
S24,2.53203,18.941983257246385,-16.409953257246386,environment_only,temperature,raw_intensity
S25,4.79285,19.138146131533464,-14.345296131533464,environment_only,temperature,raw_intensity
S26,8.33764166666666,18.71055116349023,-10.37290949682357,environment_only,temperature,raw_intensity
S27,11.6123555555556,18.579606400179394,-6.967250844623793,environment_only,temperature,raw_intensity
S28,4.7573125,18.851204522295866,-14.093892022295865,environment_only,temperature,raw_intensity
S30,1.22957,19.114792424060056,-17.885222424060057,environment_only,temperature,raw_intensity
S01,24.0251483870968,19.894763205509005,4.130385181587794,baseline,,raw_intensity
S02,20.4213806451613,18.06484979074718,2.356530854414121,baseline,,raw_intensity
S03,99.957735,87.73351642892797,12.22421857107203,baseline,,raw_intensity
S04,3.62585384615385,22.63780613072479,-19.011952284570942,baseline,,raw_intensity
S05,4.43015,-2.2817177831162,6.7118677831162,baseline,,raw_intensity
S06,8.97778333333333,15.369969032461675,-6.392185699128346,baseline,,raw_intensity
S07,16.7150777777778,32.116729081971776,-15.401651304193976,baseline,,raw_intensity
S08,7.9836,5.590322337467075,2.393277662532925,baseline,,raw_intensity
S09,2.54056666666667,6.027842656831847,-3.4872759901651773,baseline,,raw_intensity
S10,9.16958,-0.8642960855716098,10.03387608557161,baseline,,raw_intensity
S11,6.10548461538461,7.169197524164611,-1.0637129087800012,baseline,,raw_intensity
S12,3.49926363636364,4.284892404678915,-0.7856287683152754,baseline,,raw_intensity
S13,5.6308,2.3515112565670258,3.279288743432974,baseline,,raw_intensity
S14,21.9599818181818,20.94115059924939,1.0188312189324087,baseline,,raw_intensity
S15,0.71624,11.009048398274345,-10.292808398274346,baseline,,raw_intensity
S16,3.32952,4.6713180025613905,-1.3417980025613905,baseline,,raw_intensity
S17,2.90764444444444,-2.099199887967437,5.006844332411877,baseline,,raw_intensity
S18,3.38784375,-0.8173125948475111,4.205156344847511,baseline,,raw_intensity
S19,102.275121428571,122.19561826285685,-19.920496834285856,baseline,,raw_intensity
S20,22.9654636363636,9.809053072806845,13.156410563556756,baseline,,raw_intensity
S21,20.3272333333333,33.24921556728372,-12.92198223395042,baseline,,raw_intensity
S22,97.8035117647059,75.48956800483072,22.313943759875187,baseline,,raw_intensity
S23,8.98973,17.067002205145826,-8.077272205145826,baseline,,raw_intensity
S24,2.53203,7.640312968184357,-5.108282968184358,baseline,,raw_intensity
S25,4.79285,8.326726295722326,-3.533876295722326,baseline,,raw_intensity
S26,8.33764166666666,6.851784265150874,1.4858574015157853,baseline,,raw_intensity
S27,11.6123555555556,6.5259162860844775,5.086439269471123,baseline,,raw_intensity
S28,4.7573125,12.808133891018214,-8.050821391018214,baseline,,raw_intensity
S30,1.22957,-0.9045049036265596,2.1340749036265594,baseline,,raw_intensity
S01,24.0251483870968,15.421970000585155,8.603178386511644,concat,DO,raw_intensity
S02,20.4213806451613,17.2392521613942,3.182128483767098,concat,DO,raw_intensity
S03,99.957735,96.47780622938488,3.4799287706151176,concat,DO,raw_intensity
S04,3.62585384615385,21.57497935693816,-17.949125510784313,concat,DO,raw_intensity
S05,4.43015,-1.3438936190594681,5.774043619059468,concat,DO,raw_intensity
S06,8.97778333333333,14.848169657944638,-5.870386324611308,concat,DO,raw_intensity
S07,16.7150777777778,31.289902371918373,-14.574824594140573,concat,DO,raw_intensity
S08,7.9836,5.736413589356101,2.2471864106438995,concat,DO,raw_intensity
S09,2.54056666666667,9.60466476673388,-7.064098100067209,concat,DO,raw_intensity
S10,9.16958,3.2119643461494274,5.9576156538505725,concat,DO,raw_intensity
S11,6.10548461538461,8.068573061022434,-1.9630884456378244,concat,DO,raw_intensity
S12,3.49926363636364,6.186542102035929,-2.6872784656722892,concat,DO,raw_intensity
S13,5.6308,-1.3949499416130315,7.025749941613031,concat,DO,raw_intensity
S14,21.9599818181818,3.963986190744361,17.995995627437438,concat,DO,raw_intensity
S15,0.71624,11.75107855014464,-11.034838550144642,concat,DO,raw_intensity
S16,3.32952,2.0072511045575254,1.3222688954424746,concat,DO,raw_intensity
S17,2.90764444444444,-2.9240978522480354,5.831742296692475,concat,DO,raw_intensity
S18,3.38784375,0.5684646939204185,2.8193790560795815,concat,DO,raw_intensity
S19,102.275121428571,114.30514721965328,-12.03002579108228,concat,DO,raw_intensity
S20,22.9654636363636,19.018544960771585,3.9469186755920163,concat,DO,raw_intensity
S21,20.3272333333333,23.65875008438132,-3.331516751048021,concat,DO,raw_intensity
S22,97.8035117647059,77.43133725371727,20.37217451098863,concat,DO,raw_intensity
S23,8.98973,17.324117885970406,-8.334387885970406,concat,DO,raw_intensity
S24,2.53203,7.26544156994925,-4.73341156994925,concat,DO,raw_intensity
S25,4.79285,6.787248434831206,-1.994398434831206,concat,DO,raw_intensity
S26,8.33764166666666,8.978198298621376,-0.6405566319547162,concat,DO,raw_intensity
S27,11.6123555555556,6.3557827192292375,5.256572836326363,concat,DO,raw_intensity
S28,4.7573125,11.73266233043702,-6.975349830437019,concat,DO,raw_intensity
S30,1.22957,-0.7261626101271084,1.9557326101271084,concat,DO,raw_intensity
S01,24.0251483870968,23.812242016270886,0.21290637082591246,corrected,DO,raw_intensity
S02,20.4213806451613,17.919217121936004,2.5021635232252954,corrected,DO,raw_intensity
S03,99.957735,37.053293426297905,62.904441573702094,corrected,DO,raw_intensity
S04,3.62585384615385,32.29273373049672,-28.666879884342872,corrected,DO,raw_intensity
S05,4.43015,2.8029646926339957,1.6271853073660045,corrected,DO,raw_intensity
S06,8.97778333333333,16.14836726900655,-7.1705839356732195,corrected,DO,raw_intensity
S07,16.7150777777778,15.843434132302924,0.8716436454748759,corrected,DO,raw_intensity
S08,7.9836,10.476759135212525,-2.493159135212525,corrected,DO,raw_intensity
S09,2.54056666666667,-0.1937604968641864,2.7343271635308564,corrected,DO,raw_intensity
S10,9.16958,8.944358572253543,0.22522142774645637,corrected,DO,raw_intensity
S11,6.10548461538461,16.04280310739766,-9.93731849201305,corrected,DO,raw_intensity
S12,3.49926363636364,4.535559435957586,-1.0362957995939457,corrected,DO,raw_intensity
S13,5.6308,30.71082127018726,-25.08002127018726,corrected,DO,raw_intensity
S14,21.9599818181818,30.39591717486259,-8.43593535668079,corrected,DO,raw_intensity
S15,0.71624,11.512343088868604,-10.796103088868605,corrected,DO,raw_intensity
S16,3.32952,20.947635917968853,-17.618115917968854,corrected,DO,raw_intensity
S17,2.90764444444444,10.871710440689851,-7.964065996245411,corrected,DO,raw_intensity
S18,3.38784375,10.883826752658138,-7.4959830026581376,corrected,DO,raw_intensity
S19,102.275121428571,46.49308925803812,55.78203217053288,corrected,DO,raw_intensity
S20,22.9654636363636,23.765603108276057,-0.8001394719124555,corrected,DO,raw_intensity
S21,20.3272333333333,49.36959234071694,-29.04235900738364,corrected,DO,raw_intensity
S22,97.8035117647059,30.85242143207327,66.95109033263263,corrected,DO,raw_intensity
S23,8.98973,10.773631964910104,-1.783901964910104,corrected,DO,raw_intensity
S24,2.53203,9.719168662583453,-7.187138662583453,corrected,DO,raw_intensity
S25,4.79285,22.17172469685801,-17.378874696858013,corrected,DO,raw_intensity
S26,8.33764166666666,12.099212131249745,-3.7615704645830856,corrected,DO,raw_intensity
S27,11.6123555555556,13.440577998760713,-1.828222443205112,corrected,DO,raw_intensity
S28,4.7573125,19.851985947499532,-15.094673447499531,corrected,DO,raw_intensity
S30,1.22957,11.578280617584255,-10.348710617584254,corrected,DO,raw_intensity
S01,24.0251483870968,11.853744976352376,12.171403410744423,environment_only,DO,raw_intensity
S02,20.4213806451613,13.048930017115389,7.372450628045911,environment_only,DO,raw_intensity
S03,99.957735,55.0523345841942,44.9054004158058,environment_only,DO,raw_intensity
S04,3.62585384615385,-2.505860267481193,6.131714113635043,environment_only,DO,raw_intensity
S05,4.43015,18.996249646890877,-14.566099646890876,environment_only,DO,raw_intensity
S06,8.97778333333333,13.931877891369576,-4.954094558036246,environment_only,DO,raw_intensity
S07,16.7150777777778,27.569529925362655,-10.854452147584855,environment_only,DO,raw_intensity
S08,7.9836,15.897946162056735,-7.914346162056735,environment_only,DO,raw_intensity
S09,2.54056666666667,35.101862823571395,-32.561296156904724,environment_only,DO,raw_intensity
S10,9.16958,22.265775268369215,-13.096195268369215,environment_only,DO,raw_intensity
S11,6.10548461538461,14.336716186448745,-8.231231571064136,environment_only,DO,raw_intensity
S12,3.49926363636364,33.402861239716316,-29.903597603352676,environment_only,DO,raw_intensity
S13,5.6308,-16.03022559559096,21.66102559559096,environment_only,DO,raw_intensity
S14,21.9599818181818,-9.578910654996026,31.538892473177825,environment_only,DO,raw_intensity
S15,0.71624,17.642970507570148,-16.92673050757015,environment_only,DO,raw_intensity
S16,3.32952,-3.757362822680747,7.086882822680748,environment_only,DO,raw_intensity
S17,2.90764444444444,8.239716055974638,-5.332071611530198,environment_only,DO,raw_intensity
S18,3.38784375,10.89023173276752,-7.5023879827675195,environment_only,DO,raw_intensity
S19,102.275121428571,21.179554708241533,81.09556672032946,environment_only,DO,raw_intensity
S20,22.9654636363636,49.76074679081089,-26.79528315444729,environment_only,DO,raw_intensity
S21,20.3272333333333,16.641469038094442,3.685764295238858,environment_only,DO,raw_intensity
S22,97.8035117647059,52.357397781363716,45.44611398334219,environment_only,DO,raw_intensity
S23,8.98973,26.98075987164077,-17.99102987164077,environment_only,DO,raw_intensity
S24,2.53203,16.984843561393202,-14.452813561393203,environment_only,DO,raw_intensity
S25,4.79285,1.3252185259841838,3.467631474015816,environment_only,DO,raw_intensity
S26,8.33764166666666,14.54969632777107,-6.2120546611044105,environment_only,DO,raw_intensity
S27,11.6123555555556,14.725008291239794,-3.1126527356841933,environment_only,DO,raw_intensity
S28,4.7573125,8.45243771652892,-3.6951252165289192,environment_only,DO,raw_intensity
S30,1.22957,5.935681543091375,-4.706111543091375,environment_only,DO,raw_intensity
S01,24.0251483870968,19.894763205509005,4.130385181587794,baseline,,raw_intensity
S02,20.4213806451613,18.06484979074718,2.356530854414121,baseline,,raw_intensity
S03,99.957735,87.73351642892797,12.22421857107203,baseline,,raw_intensity
S04,3.62585384615385,22.63780613072479,-19.011952284570942,baseline,,raw_intensity
S05,4.43015,-2.2817177831162,6.7118677831162,baseline,,raw_intensity
S06,8.97778333333333,15.369969032461675,-6.392185699128346,baseline,,raw_intensity
S07,16.7150777777778,32.116729081971776,-15.401651304193976,baseline,,raw_intensity
S08,7.9836,5.590322337467075,2.393277662532925,baseline,,raw_intensity
S09,2.54056666666667,6.027842656831847,-3.4872759901651773,baseline,,raw_intensity
S10,9.16958,-0.8642960855716098,10.03387608557161,baseline,,raw_intensity
S11,6.10548461538461,7.169197524164611,-1.0637129087800012,baseline,,raw_intensity
S12,3.49926363636364,4.284892404678915,-0.7856287683152754,baseline,,raw_intensity
S13,5.6308,2.3515112565670258,3.279288743432974,baseline,,raw_intensity
S14,21.9599818181818,20.94115059924939,1.0188312189324087,baseline,,raw_intensity
S15,0.71624,11.009048398274345,-10.292808398274346,baseline,,raw_intensity
S16,3.32952,4.6713180025613905,-1.3417980025613905,baseline,,raw_intensity
S17,2.90764444444444,-2.099199887967437,5.006844332411877,baseline,,raw_intensity
S18,3.38784375,-0.8173125948475111,4.205156344847511,baseline,,raw_intensity
S19,102.275121428571,122.19561826285685,-19.920496834285856,baseline,,raw_intensity
S20,22.9654636363636,9.809053072806845,13.156410563556756,baseline,,raw_intensity
S21,20.3272333333333,33.24921556728372,-12.92198223395042,baseline,,raw_intensity
S22,97.8035117647059,75.48956800483072,22.313943759875187,baseline,,raw_intensity
S23,8.98973,17.067002205145826,-8.077272205145826,baseline,,raw_intensity
S24,2.53203,7.640312968184357,-5.108282968184358,baseline,,raw_intensity
S25,4.79285,8.326726295722326,-3.533876295722326,baseline,,raw_intensity
S26,8.33764166666666,6.851784265150874,1.4858574015157853,baseline,,raw_intensity
S27,11.6123555555556,6.5259162860844775,5.086439269471123,baseline,,raw_intensity
S28,4.7573125,12.808133891018214,-8.050821391018214,baseline,,raw_intensity
S30,1.22957,-0.9045049036265596,2.1340749036265594,baseline,,raw_intensity
S01,24.0251483870968,17.99766520665596,6.027483180440839,concat,ORP,raw_intensity
S02,20.4213806451613,20.57232922744771,-0.15094858228641073,concat,ORP,raw_intensity
S03,99.957735,76.73343789324218,23.224297106757817,concat,ORP,raw_intensity
S04,3.62585384615385,20.447159096163265,-16.821305250009416,concat,ORP,raw_intensity
S05,4.43015,-0.8936628004563794,5.32381280045638,concat,ORP,raw_intensity
S06,8.97778333333333,12.540726101966978,-3.562942768633649,concat,ORP,raw_intensity
S07,16.7150777777778,26.90569797495653,-10.190620197178731,concat,ORP,raw_intensity
S08,7.9836,6.693153408797244,1.2904465912027563,concat,ORP,raw_intensity
S09,2.54056666666667,8.153254698900563,-5.612688032233892,concat,ORP,raw_intensity
S10,9.16958,0.13047530557510711,9.039104694424893,concat,ORP,raw_intensity
S11,6.10548461538461,9.620510958407895,-3.515026343023285,concat,ORP,raw_intensity
S12,3.49926363636364,8.912441052271522,-5.413177415907882,concat,ORP,raw_intensity
S13,5.6308,0.8440392684164912,4.786760731583509,concat,ORP,raw_intensity
S14,21.9599818181818,20.400631312690354,1.5593505054914445,concat,ORP,raw_intensity
S15,0.71624,9.358716639250648,-8.64247663925065,concat,ORP,raw_intensity
S16,3.32952,3.4031946153365595,-0.0736746153365595,concat,ORP,raw_intensity
S17,2.90764444444444,-0.5271973778436063,3.434841822288046,concat,ORP,raw_intensity
S18,3.38784375,-1.5398286408281194,4.9276723908281195,concat,ORP,raw_intensity
S19,102.275121428571,111.8663279735002,-9.591206544929207,concat,ORP,raw_intensity
S20,22.9654636363636,15.380533713393422,7.584929922970179,concat,ORP,raw_intensity
S21,20.3272333333333,21.31979454228705,-0.9925612089537488,concat,ORP,raw_intensity
S22,97.8035117647059,83.60927688844792,14.19423487625798,concat,ORP,raw_intensity
S23,8.98973,16.63569910479892,-7.645969104798921,concat,ORP,raw_intensity
S24,2.53203,6.259511841334511,-3.7274818413345114,concat,ORP,raw_intensity
S25,4.79285,4.675707723269024,0.11714227673097533,concat,ORP,raw_intensity
S26,8.33764166666666,7.816946395299446,0.520695271367213,concat,ORP,raw_intensity
S27,11.6123555555556,9.623151203093332,1.9892043524622682,concat,ORP,raw_intensity
S28,4.7573125,-0.869203249553042,5.626515749553042,concat,ORP,raw_intensity
S30,1.22957,0.48892176333509596,0.7406482366649041,concat,ORP,raw_intensity
S01,24.0251483870968,20.865283237801535,3.159865149295264,corrected,ORP,raw_intensity
S02,20.4213806451613,18.72535851975626,1.6960221254050403,corrected,ORP,raw_intensity
S03,99.957735,78.72263803458637,21.235096965413632,corrected,ORP,raw_intensity
S04,3.62585384615385,20.477371174484688,-16.85151732833084,corrected,ORP,raw_intensity
S05,4.43015,0.3218908358309882,4.108259164169012,corrected,ORP,raw_intensity
S06,8.97778333333333,7.404738099606217,1.5730452337271128,corrected,ORP,raw_intensity
S07,16.7150777777778,18.093422385895025,-1.3783446081172244,corrected,ORP,raw_intensity
S08,7.9836,3.2232700421487603,4.76032995785124,corrected,ORP,raw_intensity
S09,2.54056666666667,5.155978508052586,-2.615411841385916,corrected,ORP,raw_intensity
S10,9.16958,3.2918813791442627,5.877698620855737,corrected,ORP,raw_intensity
S11,6.10548461538461,16.098284990518057,-9.992800375133447,corrected,ORP,raw_intensity
S12,3.49926363636364,7.253944009132997,-3.754680372769357,corrected,ORP,raw_intensity
S13,5.6308,13.659629766989337,-8.028829766989336,corrected,ORP,raw_intensity
S14,21.9599818181818,14.117052055471916,7.842929762709883,corrected,ORP,raw_intensity
S15,0.71624,21.138795499947353,-20.422555499947354,corrected,ORP,raw_intensity
S16,3.32952,8.235215064126507,-4.9056950641265065,corrected,ORP,raw_intensity
S17,2.90764444444444,2.311650009696489,0.5959944347479507,corrected,ORP,raw_intensity
S18,3.38784375,8.515324485430645,-5.127480735430645,corrected,ORP,raw_intensity
S19,102.275121428571,91.98105083061732,10.294070597953677,corrected,ORP,raw_intensity
S20,22.9654636363636,32.75284007703843,-9.787376440674826,corrected,ORP,raw_intensity
S21,20.3272333333333,30.70938887724388,-10.382155543910581,corrected,ORP,raw_intensity
S22,97.8035117647059,64.42327431403885,33.38023745066705,corrected,ORP,raw_intensity
S23,8.98973,10.946310007037514,-1.9565800070375143,corrected,ORP,raw_intensity
S24,2.53203,7.105142051944306,-4.573112051944306,corrected,ORP,raw_intensity
S25,4.79285,14.019261128205542,-9.226411128205543,corrected,ORP,raw_intensity
S26,8.33764166666666,4.630243500504761,3.707398166161898,corrected,ORP,raw_intensity
S27,11.6123555555556,6.645333187318339,4.967022368237261,corrected,ORP,raw_intensity
S28,4.7573125,34.81091445127622,-30.053601951276217,corrected,ORP,raw_intensity
S30,1.22957,1.3484302797074292,-0.11886027970742918,corrected,ORP,raw_intensity
S01,24.0251483870968,19.042491851008684,4.982656536088115,environment_only,ORP,raw_intensity
S02,20.4213806451613,17.514351046973978,2.9070295981873215,environment_only,ORP,raw_intensity
S03,99.957735,15.647972529019336,84.30976247098066,environment_only,ORP,raw_intensity
S04,3.62585384615385,17.891692250844965,-14.265838404691115,environment_only,ORP,raw_intensity
S05,4.43015,19.03572856455974,-14.605578564559739,environment_only,ORP,raw_intensity
S06,8.97778333333333,20.085756970132987,-11.107973636799658,environment_only,ORP,raw_intensity
S07,16.7150777777778,19.79246804242949,-3.07739026465169,environment_only,ORP,raw_intensity
S08,7.9836,20.123442360790875,-12.139842360790876,environment_only,ORP,raw_intensity
S09,2.54056666666667,20.078520820297793,-17.537954153631123,environment_only,ORP,raw_intensity
S10,9.16958,20.327950215291946,-11.158370215291946,environment_only,ORP,raw_intensity
S11,6.10548461538461,16.637776317694897,-10.532291702310287,environment_only,ORP,raw_intensity
S12,3.49926363636364,21.066948030381514,-17.567684394017874,environment_only,ORP,raw_intensity
S13,5.6308,16.28300402643555,-10.652204026435548,environment_only,ORP,raw_intensity
S14,21.9599818181818,19.593655357586883,2.366326460594916,environment_only,ORP,raw_intensity
S15,0.71624,16.836380617337312,-16.120140617337313,environment_only,ORP,raw_intensity
S16,3.32952,16.98110035944614,-13.651580359446138,environment_only,ORP,raw_intensity
S17,2.90764444444444,18.38252618649998,-15.47488174205554,environment_only,ORP,raw_intensity
S18,3.38784375,16.544456054644602,-13.156612304644602,environment_only,ORP,raw_intensity
S19,102.275121428571,0.22361039041551756,102.05151103815548,environment_only,ORP,raw_intensity
S20,22.9654636363636,22.831944086259504,0.1335195501040971,environment_only,ORP,raw_intensity
S21,20.3272333333333,22.434546065734366,-2.1073127324010663,environment_only,ORP,raw_intensity
S22,97.8035117647059,15.739618073819056,82.06389369088684,environment_only,ORP,raw_intensity
S23,8.98973,21.10301005573773,-12.11328005573773,environment_only,ORP,raw_intensity
S24,2.53203,18.163353203181067,-15.631323203181068,environment_only,ORP,raw_intensity
S25,4.79285,16.225910655341327,-11.433060655341327,environment_only,ORP,raw_intensity
S26,8.33764166666666,19.13479029774999,-10.797148631083331,environment_only,ORP,raw_intensity
S27,11.6123555555556,20.233392474067685,-8.621036918512084,environment_only,ORP,raw_intensity
S28,4.7573125,17.02919920360071,-12.27188670360071,environment_only,ORP,raw_intensity
S30,1.22957,18.676745784825265,-17.447175784825266,environment_only,ORP,raw_intensity
S01,24.0251483870968,19.894763205509005,4.130385181587794,baseline,,raw_intensity
S02,20.4213806451613,18.06484979074718,2.356530854414121,baseline,,raw_intensity
S03,99.957735,87.73351642892797,12.22421857107203,baseline,,raw_intensity
S04,3.62585384615385,22.63780613072479,-19.011952284570942,baseline,,raw_intensity
S05,4.43015,-2.2817177831162,6.7118677831162,baseline,,raw_intensity
S06,8.97778333333333,15.369969032461675,-6.392185699128346,baseline,,raw_intensity
S07,16.7150777777778,32.116729081971776,-15.401651304193976,baseline,,raw_intensity
S08,7.9836,5.590322337467075,2.393277662532925,baseline,,raw_intensity
S09,2.54056666666667,6.027842656831847,-3.4872759901651773,baseline,,raw_intensity
S10,9.16958,-0.8642960855716098,10.03387608557161,baseline,,raw_intensity
S11,6.10548461538461,7.169197524164611,-1.0637129087800012,baseline,,raw_intensity
S12,3.49926363636364,4.284892404678915,-0.7856287683152754,baseline,,raw_intensity
S13,5.6308,2.3515112565670258,3.279288743432974,baseline,,raw_intensity
S14,21.9599818181818,20.94115059924939,1.0188312189324087,baseline,,raw_intensity
S15,0.71624,11.009048398274345,-10.292808398274346,baseline,,raw_intensity
S16,3.32952,4.6713180025613905,-1.3417980025613905,baseline,,raw_intensity
S17,2.90764444444444,-2.099199887967437,5.006844332411877,baseline,,raw_intensity
S18,3.38784375,-0.8173125948475111,4.205156344847511,baseline,,raw_intensity
S19,102.275121428571,122.19561826285685,-19.920496834285856,baseline,,raw_intensity
S20,22.9654636363636,9.809053072806845,13.156410563556756,baseline,,raw_intensity
S21,20.3272333333333,33.24921556728372,-12.92198223395042,baseline,,raw_intensity
S22,97.8035117647059,75.48956800483072,22.313943759875187,baseline,,raw_intensity
S23,8.98973,17.067002205145826,-8.077272205145826,baseline,,raw_intensity
S24,2.53203,7.640312968184357,-5.108282968184358,baseline,,raw_intensity
S25,4.79285,8.326726295722326,-3.533876295722326,baseline,,raw_intensity
S26,8.33764166666666,6.851784265150874,1.4858574015157853,baseline,,raw_intensity
S27,11.6123555555556,6.5259162860844775,5.086439269471123,baseline,,raw_intensity
S28,4.7573125,12.808133891018214,-8.050821391018214,baseline,,raw_intensity
S30,1.22957,-0.9045049036265596,2.1340749036265594,baseline,,raw_intensity
S01,24.0251483870968,19.819466333386135,4.205682053710664,concat,turbidity,raw_intensity
S02,20.4213806451613,16.795739305058625,3.625641340102675,concat,turbidity,raw_intensity
S03,99.957735,86.41861580335643,13.539119196643568,concat,turbidity,raw_intensity
S04,3.62585384615385,21.87292509405252,-18.24707124789867,concat,turbidity,raw_intensity
S05,4.43015,-2.199267838556878,6.629417838556878,concat,turbidity,raw_intensity
S06,8.97778333333333,14.763267990222438,-5.785484656889109,concat,turbidity,raw_intensity
S07,16.7150777777778,30.790348404585203,-14.075270626807402,concat,turbidity,raw_intensity
S08,7.9836,5.064913180801101,2.918686819198899,concat,turbidity,raw_intensity
S09,2.54056666666667,5.6064809334800625,-3.0659142668133925,concat,turbidity,raw_intensity
S10,9.16958,-3.4318052212867194,12.60138522128672,concat,turbidity,raw_intensity
S11,6.10548461538461,7.944195153287209,-1.8387105379025996,concat,turbidity,raw_intensity
S12,3.49926363636364,5.593033290240081,-2.093769653876441,concat,turbidity,raw_intensity
S13,5.6308,3.0664214479385254,2.5643785520614744,concat,turbidity,raw_intensity
S14,21.9599818181818,20.63705720059371,1.3229246175880895,concat,turbidity,raw_intensity
S15,0.71624,10.862317753714807,-10.146077753714806,concat,turbidity,raw_intensity
S16,3.32952,5.1041352598780705,-1.7746152598780705,concat,turbidity,raw_intensity
S17,2.90764444444444,-2.095269992389646,5.002914436834086,concat,turbidity,raw_intensity
S18,3.38784375,-0.6790644491720599,4.06690819917206,concat,turbidity,raw_intensity
S19,102.275121428571,122.56501722693048,-20.28989579835948,concat,turbidity,raw_intensity
S20,22.9654636363636,9.460083076294499,13.505380560069103,concat,turbidity,raw_intensity
S21,20.3272333333333,32.974287346779604,-12.647054013446304,concat,turbidity,raw_intensity
S22,97.8035117647059,72.42727918556088,25.376232579145025,concat,turbidity,raw_intensity
S23,8.98973,17.321862798934667,-8.332132798934667,concat,turbidity,raw_intensity
S24,2.53203,7.620090586954952,-5.088060586954952,concat,turbidity,raw_intensity
S25,4.79285,8.006691134651588,-3.213841134651588,concat,turbidity,raw_intensity
S26,8.33764166666666,6.338108856803393,1.9995328098632665,concat,turbidity,raw_intensity
S27,11.6123555555556,6.955405925712865,4.656949629842735,concat,turbidity,raw_intensity
S28,4.7573125,13.398257177503638,-8.640944677503636,concat,turbidity,raw_intensity
S30,1.22957,-0.4338857158264666,1.6634557158264667,concat,turbidity,raw_intensity
S01,24.0251483870968,19.742410881930862,4.282737505165937,corrected,turbidity,raw_intensity
S02,20.4213806451613,16.666698103480314,3.7546825416809853,corrected,turbidity,raw_intensity
S03,99.957735,82.7531633727055,17.2045716272945,corrected,turbidity,raw_intensity
S04,3.62585384615385,24.48239915967548,-20.856545313521632,corrected,turbidity,raw_intensity
S05,4.43015,-2.3542606828614865,6.784410682861487,corrected,turbidity,raw_intensity
S06,8.97778333333333,9.48877800502522,-0.5109946716918898,corrected,turbidity,raw_intensity
S07,16.7150777777778,26.678012959133838,-9.962935181356038,corrected,turbidity,raw_intensity
S08,7.9836,2.2494719665210354,5.734128033478965,corrected,turbidity,raw_intensity
S09,2.54056666666667,6.429333923685908,-3.888767257019238,corrected,turbidity,raw_intensity
S10,9.16958,-0.5485607198507054,9.718140719850705,corrected,turbidity,raw_intensity
S11,6.10548461538461,9.874223183894681,-3.768738568510072,corrected,turbidity,raw_intensity
S12,3.49926363636364,7.001756357429482,-3.502492721065842,corrected,turbidity,raw_intensity
S13,5.6308,4.1985408750139825,1.4322591249860173,corrected,turbidity,raw_intensity
S14,21.9599818181818,22.1032889986436,-0.14330718046180024,corrected,turbidity,raw_intensity
S15,0.71624,13.012341943182584,-12.296101943182585,corrected,turbidity,raw_intensity
S16,3.32952,5.942596101449549,-2.613076101449549,corrected,turbidity,raw_intensity
S17,2.90764444444444,-1.734629987600286,4.642274432044726,corrected,turbidity,raw_intensity
S18,3.38784375,0.09915352820432233,3.2886902217956777,corrected,turbidity,raw_intensity
S19,102.275121428571,118.24749746630559,-15.972376037734591,corrected,turbidity,raw_intensity
S20,22.9654636363636,2.4920371887593955,20.473426447604204,corrected,turbidity,raw_intensity
S21,20.3272333333333,6.338946589034681,13.98828674429862,corrected,turbidity,raw_intensity
S22,97.8035117647059,64.51723280946185,33.28627895524406,corrected,turbidity,raw_intensity
S23,8.98973,18.13225453828784,-9.142524538287839,corrected,turbidity,raw_intensity
S24,2.53203,8.890651778732195,-6.3586217787321955,corrected,turbidity,raw_intensity
S25,4.79285,9.34080758468177,-4.54795758468177,corrected,turbidity,raw_intensity
S26,8.33764166666666,6.525231948673543,1.8124097179931162,corrected,turbidity,raw_intensity
S27,11.6123555555556,6.6253747753397025,4.986980780215898,corrected,turbidity,raw_intensity
S28,4.7573125,16.170566728406786,-11.413254228406785,corrected,turbidity,raw_intensity
S30,1.22957,0.6685324702936803,0.5610375297063197,corrected,turbidity,raw_intensity
S01,24.0251483870968,18.53476259431172,5.49038579278508,environment_only,turbidity,raw_intensity
S02,20.4213806451613,18.346684722093574,2.0746959230677255,environment_only,turbidity,raw_intensity
S03,99.957735,14.629626165842774,85.32810883415722,environment_only,turbidity,raw_intensity
S04,3.62585384615385,18.335075699890314,-14.709221853736464,environment_only,turbidity,raw_intensity
S05,4.43015,18.551357892342846,-14.121207892342845,environment_only,turbidity,raw_intensity
S06,8.97778333333333,21.50257349772015,-12.52479016438682,environment_only,turbidity,raw_intensity
S07,16.7150777777778,18.64425397715773,-1.9291761993799312,environment_only,turbidity,raw_intensity
S08,7.9836,19.17102704534833,-11.187427045348329,environment_only,turbidity,raw_intensity
S09,2.54056666666667,18.577394254966162,-16.03682758829949,environment_only,turbidity,raw_intensity
S10,9.16958,18.21466752041431,-9.04508752041431,environment_only,turbidity,raw_intensity
S11,6.10548461538461,18.363357318148378,-12.257872702763768,environment_only,turbidity,raw_intensity
S12,3.49926363636364,18.356109753080844,-14.856846116717204,environment_only,turbidity,raw_intensity
S13,5.6308,18.38127977057392,-12.750479770573918,environment_only,turbidity,raw_intensity
S14,21.9599818181818,17.745211679087536,4.214770139094263,environment_only,turbidity,raw_intensity
S15,0.71624,18.51519933723186,-17.79895933723186,environment_only,turbidity,raw_intensity
S16,3.32952,18.374630261090424,-15.045110261090423,environment_only,turbidity,raw_intensity
S17,2.90764444444444,18.61191775495945,-15.70427331051501,environment_only,turbidity,raw_intensity
S18,3.38784375,18.56640585504719,-15.17856210504719,environment_only,turbidity,raw_intensity
S19,102.275121428571,15.337720063858258,86.93740136471274,environment_only,turbidity,raw_intensity
S20,22.9654636363636,19.216862453819193,3.7486011825444088,environment_only,turbidity,raw_intensity
S21,20.3272333333333,28.16915847534443,-7.8419251420111316,environment_only,turbidity,raw_intensity
S22,97.8035117647059,15.326512285856538,82.47699947884936,environment_only,turbidity,raw_intensity
S23,8.98973,18.197319096932645,-9.207589096932645,environment_only,turbidity,raw_intensity
S24,2.53203,18.492049590921287,-15.960019590921288,environment_only,turbidity,raw_intensity
S25,4.79285,18.672830454543224,-13.879980454543224,environment_only,turbidity,raw_intensity
S26,8.33764166666666,18.677510413178272,-10.339868746511613,environment_only,turbidity,raw_intensity
S27,11.6123555555556,18.485229712713583,-6.872874157157982,environment_only,turbidity,raw_intensity
S28,4.7573125,18.32806365583533,-13.570751155835328,environment_only,turbidity,raw_intensity
S30,1.22957,18.62492523949219,-17.39535523949219,environment_only,turbidity,raw_intensity
S01,24.0251483870968,14.961923742868663,9.063224644228136,baseline,,normalized_shape
S02,20.4213806451613,35.14582204776205,-14.724441402600753,baseline,,normalized_shape
S03,99.957735,101.28582389489272,-1.3280888948927156,baseline,,normalized_shape
S04,3.62585384615385,11.3137690744055,-7.687915228251649,baseline,,normalized_shape
S05,4.43015,-7.027577436070157,11.457727436070158,baseline,,normalized_shape
S06,8.97778333333333,31.23861590763942,-22.260832574306093,baseline,,normalized_shape
S07,16.7150777777778,35.95130950566336,-19.23623172788556,baseline,,normalized_shape
S08,7.9836,-2.375228238168127,10.358828238168126,baseline,,normalized_shape
S09,2.54056666666667,7.824805636328808,-5.2842389696621375,baseline,,normalized_shape
S10,9.16958,0.3458737699209955,8.823706230079004,baseline,,normalized_shape
S11,6.10548461538461,5.75902224017101,0.34646237521359957,baseline,,normalized_shape
S12,3.49926363636364,-6.081370580572919,9.58063421693656,baseline,,normalized_shape
S13,5.6308,3.9789073432178146,1.6518926567821852,baseline,,normalized_shape
S14,21.9599818181818,37.784796979928025,-15.824815161746226,baseline,,normalized_shape
S15,0.71624,17.263907307215376,-16.547667307215377,baseline,,normalized_shape
S16,3.32952,-13.817838581100009,17.147358581100008,baseline,,normalized_shape
S17,2.90764444444444,-7.13566946789425,10.04331391233869,baseline,,normalized_shape
S18,3.38784375,-4.6070583444571405,7.9949020944571405,baseline,,normalized_shape
S19,102.275121428571,95.03314373985054,7.241977688720453,baseline,,normalized_shape
S20,22.9654636363636,11.476883540562525,11.488580095801076,baseline,,normalized_shape
S21,20.3272333333333,39.185041841700894,-18.857808508367594,baseline,,normalized_shape
S22,97.8035117647059,48.307129432614396,49.49638233209151,baseline,,normalized_shape
S23,8.98973,21.169182305238007,-12.179452305238007,baseline,,normalized_shape
S24,2.53203,17.682508748282817,-15.150478748282818,baseline,,normalized_shape
S25,4.79285,7.43907258373409,-2.6462225837340903,baseline,,normalized_shape
S26,8.33764166666666,11.99421057178085,-3.65656890511419,baseline,,normalized_shape
S27,11.6123555555556,5.147564719699167,6.464790835856434,baseline,,normalized_shape
S28,4.7573125,17.17405350176862,-12.416741001768617,baseline,,normalized_shape
S30,1.22957,-5.12213003446163,6.35170003446163,baseline,,normalized_shape
S01,24.0251483870968,21.338806043362613,2.686342343734186,concat,salinity,normalized_shape
S02,20.4213806451613,38.04096469836617,-17.619584053204868,concat,salinity,normalized_shape
S03,99.957735,99.81807301797639,0.13966198202361113,concat,salinity,normalized_shape
S04,3.62585384615385,12.376105049694246,-8.750251203540396,concat,salinity,normalized_shape
S05,4.43015,-8.199941817999242,12.630091817999244,concat,salinity,normalized_shape
S06,8.97778333333333,33.91313583441199,-24.93535250107866,concat,salinity,normalized_shape
S07,16.7150777777778,36.295863347217164,-19.580785569439364,concat,salinity,normalized_shape
S08,7.9836,-1.907878299766871,9.89147829976687,concat,salinity,normalized_shape
S09,2.54056666666667,0.3884820813966101,2.15208458527006,concat,salinity,normalized_shape
S10,9.16958,-0.08805129844886395,9.257631298448864,concat,salinity,normalized_shape
S11,6.10548461538461,1.2902513645658082,4.815233250818801,concat,salinity,normalized_shape
S12,3.49926363636364,-6.405260735253936,9.904524371617576,concat,salinity,normalized_shape
S13,5.6308,1.7804745330546474,3.8503254669453524,concat,salinity,normalized_shape
S14,21.9599818181818,38.306047022171995,-16.346065203990197,concat,salinity,normalized_shape
S15,0.71624,18.922752854884024,-18.206512854884025,concat,salinity,normalized_shape
S16,3.32952,6.737222538841099,-3.407702538841099,concat,salinity,normalized_shape
S17,2.90764444444444,-7.150925734133299,10.058570178577739,concat,salinity,normalized_shape
S18,3.38784375,-4.314349659983311,7.702193409983311,concat,salinity,normalized_shape
S19,102.275121428571,95.72905787476525,6.546063553805752,concat,salinity,normalized_shape
S20,22.9654636363636,12.99438617271609,9.97107746364751,concat,salinity,normalized_shape
S21,20.3272333333333,38.19455643247111,-17.86732309913781,concat,salinity,normalized_shape
S22,97.8035117647059,46.64338352249582,51.160128242210085,concat,salinity,normalized_shape
S23,8.98973,22.818708178894088,-13.828978178894088,concat,salinity,normalized_shape
S24,2.53203,17.321478233695444,-14.789448233695445,concat,salinity,normalized_shape
S25,4.79285,10.893823991656362,-6.100973991656362,concat,salinity,normalized_shape
S26,8.33764166666666,14.036082298769758,-5.6984406321030985,concat,salinity,normalized_shape
S27,11.6123555555556,7.769915164382278,3.842440391173323,concat,salinity,normalized_shape
S28,4.7573125,17.312776128666265,-12.555463628666264,concat,salinity,normalized_shape
S30,1.22957,-4.370731195400975,5.6003011954009745,concat,salinity,normalized_shape
S01,24.0251483870968,18.41247797645698,5.612670410639819,corrected,salinity,normalized_shape
S02,20.4213806451613,37.8759024893813,-17.454521844220004,corrected,salinity,normalized_shape
S03,99.957735,107.97615608612186,-8.018421086121862,corrected,salinity,normalized_shape
S04,3.62585384615385,12.451817538419927,-8.825963692266077,corrected,salinity,normalized_shape
S05,4.43015,-10.694647482513595,15.124797482513596,corrected,salinity,normalized_shape
S06,8.97778333333333,33.959133460619626,-24.981350127286298,corrected,salinity,normalized_shape
S07,16.7150777777778,36.93441185893353,-20.21933408115573,corrected,salinity,normalized_shape
S08,7.9836,-3.3687982593159482,11.352398259315947,corrected,salinity,normalized_shape
S09,2.54056666666667,-1.287370920112778,3.827937586779448,corrected,salinity,normalized_shape
S10,9.16958,0.06827949278903134,9.101300507210969,corrected,salinity,normalized_shape
S11,6.10548461538461,0.421841774988188,5.683642840396422,corrected,salinity,normalized_shape
S12,3.49926363636364,-6.724877500167146,10.224141136530786,corrected,salinity,normalized_shape
S13,5.6308,1.7056988645964388,3.925101135403561,corrected,salinity,normalized_shape
S14,21.9599818181818,39.27324981278859,-17.313267994606793,corrected,salinity,normalized_shape
S15,0.71624,19.909127923067356,-19.192887923067357,corrected,salinity,normalized_shape
S16,3.32952,6.646049238491631,-3.3165292384916314,corrected,salinity,normalized_shape
S17,2.90764444444444,-7.099720426276512,10.007364870720952,corrected,salinity,normalized_shape
S18,3.38784375,-4.231748231922015,7.6195919819220155,corrected,salinity,normalized_shape
S19,102.275121428571,86.84485452850858,15.43026690006242,corrected,salinity,normalized_shape
S20,22.9654636363636,13.725016074687517,9.240447561676085,corrected,salinity,normalized_shape
S21,20.3272333333333,38.5126407775539,-18.185407444220598,corrected,salinity,normalized_shape
S22,97.8035117647059,37.337440047636896,60.466071717069006,corrected,salinity,normalized_shape
S23,8.98973,23.081320615858687,-14.091590615858687,corrected,salinity,normalized_shape
S24,2.53203,17.473272605905713,-14.941242605905714,corrected,salinity,normalized_shape
S25,4.79285,10.927851085231936,-6.135001085231936,corrected,salinity,normalized_shape
S26,8.33764166666666,14.156303632866333,-5.818661966199674,corrected,salinity,normalized_shape
S27,11.6123555555556,7.94373089130829,3.668624664247311,corrected,salinity,normalized_shape
S28,4.7573125,18.383408918271236,-13.626096418271235,corrected,salinity,normalized_shape
S30,1.22957,-3.87300383685195,5.10257383685195,corrected,salinity,normalized_shape
S01,24.0251483870968,18.112416655164434,5.9127317319323645,environment_only,salinity,normalized_shape
S02,20.4213806451613,18.257149221356624,2.164231423804676,environment_only,salinity,normalized_shape
S03,99.957735,13.566777641817273,86.39095735818273,environment_only,salinity,normalized_shape
S04,3.62585384615385,18.834490678547215,-15.208636832393365,environment_only,salinity,normalized_shape
S05,4.43015,18.865448870983577,-14.435298870983576,environment_only,salinity,normalized_shape
S06,8.97778333333333,18.67697376729987,-9.69919043396654,environment_only,salinity,normalized_shape
S07,16.7150777777778,18.356676860000228,-1.6415990822224273,environment_only,salinity,normalized_shape
S08,7.9836,18.71758585866002,-10.73398585866002,environment_only,salinity,normalized_shape
S09,2.54056666666667,18.91987539124928,-16.37930872458261,environment_only,salinity,normalized_shape
S10,9.16958,18.63278054027684,-9.46320054027684,environment_only,salinity,normalized_shape
S11,6.10548461538461,18.763919268289886,-12.658434652905276,environment_only,salinity,normalized_shape
S12,3.49926363636364,18.848326696807653,-15.349063060444013,environment_only,salinity,normalized_shape
S13,5.6308,18.765037168015258,-13.134237168015257,environment_only,salinity,normalized_shape
S14,21.9599818181818,18.159513631846306,3.800468186335493,environment_only,salinity,normalized_shape
S15,0.71624,18.940977280715703,-18.224737280715704,environment_only,salinity,normalized_shape
S16,3.32952,18.843113018436316,-15.513593018436316,environment_only,salinity,normalized_shape
S17,2.90764444444444,18.85852449663681,-15.950880052192371,environment_only,salinity,normalized_shape
S18,3.38784375,18.841274546258425,-15.453430796258425,environment_only,salinity,normalized_shape
S19,102.275121428571,15.199554680545305,87.0755667480257,environment_only,salinity,normalized_shape
S20,22.9654636363636,18.124415948967954,4.841047687395648,environment_only,salinity,normalized_shape
S21,20.3272333333333,18.2319716130189,2.095261720314401,environment_only,salinity,normalized_shape
S22,97.8035117647059,15.437668366151378,82.36584339855452,environment_only,salinity,normalized_shape
S23,8.98973,18.639270598290175,-9.649540598290175,environment_only,salinity,normalized_shape
S24,2.53203,18.87266938594873,-16.34063938594873,environment_only,salinity,normalized_shape
S25,4.79285,18.792017115077368,-13.999167115077368,environment_only,salinity,normalized_shape
S26,8.33764166666666,18.662935421637528,-10.325293754970868,environment_only,salinity,normalized_shape
S27,11.6123555555556,18.54461029516048,-6.932254739604881,environment_only,salinity,normalized_shape
S28,4.7573125,18.79189401493896,-14.03458151493896,environment_only,salinity,normalized_shape
S30,1.22957,18.92136966273404,-17.69179966273404,environment_only,salinity,normalized_shape
S01,24.0251483870968,14.961923742868663,9.063224644228136,baseline,,normalized_shape
S02,20.4213806451613,35.14582204776205,-14.724441402600753,baseline,,normalized_shape
S03,99.957735,101.28582389489272,-1.3280888948927156,baseline,,normalized_shape
S04,3.62585384615385,11.3137690744055,-7.687915228251649,baseline,,normalized_shape
S05,4.43015,-7.027577436070157,11.457727436070158,baseline,,normalized_shape
S06,8.97778333333333,31.23861590763942,-22.260832574306093,baseline,,normalized_shape
S07,16.7150777777778,35.95130950566336,-19.23623172788556,baseline,,normalized_shape
S08,7.9836,-2.375228238168127,10.358828238168126,baseline,,normalized_shape
S09,2.54056666666667,7.824805636328808,-5.2842389696621375,baseline,,normalized_shape
S10,9.16958,0.3458737699209955,8.823706230079004,baseline,,normalized_shape
S11,6.10548461538461,5.75902224017101,0.34646237521359957,baseline,,normalized_shape
S12,3.49926363636364,-6.081370580572919,9.58063421693656,baseline,,normalized_shape
S13,5.6308,3.9789073432178146,1.6518926567821852,baseline,,normalized_shape
S14,21.9599818181818,37.784796979928025,-15.824815161746226,baseline,,normalized_shape
S15,0.71624,17.263907307215376,-16.547667307215377,baseline,,normalized_shape
S16,3.32952,-13.817838581100009,17.147358581100008,baseline,,normalized_shape
S17,2.90764444444444,-7.13566946789425,10.04331391233869,baseline,,normalized_shape
S18,3.38784375,-4.6070583444571405,7.9949020944571405,baseline,,normalized_shape
S19,102.275121428571,95.03314373985054,7.241977688720453,baseline,,normalized_shape
S20,22.9654636363636,11.476883540562525,11.488580095801076,baseline,,normalized_shape
S21,20.3272333333333,39.185041841700894,-18.857808508367594,baseline,,normalized_shape
S22,97.8035117647059,48.307129432614396,49.49638233209151,baseline,,normalized_shape
S23,8.98973,21.169182305238007,-12.179452305238007,baseline,,normalized_shape
S24,2.53203,17.682508748282817,-15.150478748282818,baseline,,normalized_shape
S25,4.79285,7.43907258373409,-2.6462225837340903,baseline,,normalized_shape
S26,8.33764166666666,11.99421057178085,-3.65656890511419,baseline,,normalized_shape
S27,11.6123555555556,5.147564719699167,6.464790835856434,baseline,,normalized_shape
S28,4.7573125,17.17405350176862,-12.416741001768617,baseline,,normalized_shape
S30,1.22957,-5.12213003446163,6.35170003446163,baseline,,normalized_shape
S01,24.0251483870968,34.79731298934832,-10.772164602251522,concat,pH,normalized_shape
S02,20.4213806451613,38.13423132157979,-17.71285067641849,concat,pH,normalized_shape
S03,99.957735,108.95741341782491,-8.99967841782491,concat,pH,normalized_shape
S04,3.62585384615385,1.3825668698402254,2.2432869763136245,concat,pH,normalized_shape
S05,4.43015,-7.774969890926581,12.205119890926582,concat,pH,normalized_shape
S06,8.97778333333333,30.315444435854705,-21.337661102521373,concat,pH,normalized_shape
S07,16.7150777777778,33.58215594093067,-16.86707816315287,concat,pH,normalized_shape
S08,7.9836,-2.3258006603869994,10.309400660386999,concat,pH,normalized_shape
S09,2.54056666666667,11.696258310213173,-9.155691643546502,concat,pH,normalized_shape
S10,9.16958,2.6164948612262755,6.553085138773724,concat,pH,normalized_shape
S11,6.10548461538461,10.289076208915677,-4.183591593531068,concat,pH,normalized_shape
S12,3.49926363636364,-5.343189676742469,8.842453313106109,concat,pH,normalized_shape
S13,5.6308,4.3729248159064475,1.2578751840935523,concat,pH,normalized_shape
S14,21.9599818181818,35.060992075371,-13.101010257189198,concat,pH,normalized_shape
S15,0.71624,21.10482655121154,-20.388586551211542,concat,pH,normalized_shape
S16,3.32952,0.8408482674434552,2.488671732556545,concat,pH,normalized_shape
S17,2.90764444444444,-5.6061478166560335,8.513792261100473,concat,pH,normalized_shape
S18,3.38784375,-1.7530155333933877,5.140859283393388,concat,pH,normalized_shape
S19,102.275121428571,93.90119148615425,8.373929942416751,concat,pH,normalized_shape
S20,22.9654636363636,12.69272061194792,10.272743024415682,concat,pH,normalized_shape
S21,20.3272333333333,40.381772024020265,-20.054538690686964,concat,pH,normalized_shape
S22,97.8035117647059,49.699567637697314,48.10394412700859,concat,pH,normalized_shape
S23,8.98973,10.54881968052303,-1.55908968052303,concat,pH,normalized_shape
S24,2.53203,16.839659506171092,-14.307629506171093,concat,pH,normalized_shape
S25,4.79285,16.994061138413713,-12.201211138413713,concat,pH,normalized_shape
S26,8.33764166666666,5.078138320705175,3.259503345961484,concat,pH,normalized_shape
S27,11.6123555555556,6.865905377014572,4.7464501785410285,concat,pH,normalized_shape
S28,4.7573125,-0.9851223368551736,5.742434836855174,concat,pH,normalized_shape
S30,1.22957,-2.7204025439177855,3.9499725439177853,concat,pH,normalized_shape
S01,24.0251483870968,19.24432552167113,4.7808228654256695,corrected,pH,normalized_shape
S02,20.4213806451613,39.58319922163308,-19.16181857647178,corrected,pH,normalized_shape
S03,99.957735,107.16765231584263,-7.209917315842631,corrected,pH,normalized_shape
S04,3.62585384615385,6.644783992566573,-3.0189301464127234,corrected,pH,normalized_shape
S05,4.43015,-7.454187983184344,11.884337983184345,corrected,pH,normalized_shape
S06,8.97778333333333,29.127670446014733,-20.149887112681405,corrected,pH,normalized_shape
S07,16.7150777777778,32.49727527605853,-15.78219749828073,corrected,pH,normalized_shape
S08,7.9836,-3.2131497671123377,11.196749767112337,corrected,pH,normalized_shape
S09,2.54056666666667,4.880573796155552,-2.3400071294888822,corrected,pH,normalized_shape
S10,9.16958,-0.43237542291613806,9.601955422916138,corrected,pH,normalized_shape
S11,6.10548461538461,6.84617647985341,-0.7406918644688005,corrected,pH,normalized_shape
S12,3.49926363636364,-7.1750578889265775,10.674321525290217,corrected,pH,normalized_shape
S13,5.6308,5.296032496894773,0.33476750310522707,corrected,pH,normalized_shape
S14,21.9599818181818,35.48195931817503,-13.52197749999323,corrected,pH,normalized_shape
S15,0.71624,12.965767041573027,-12.249527041573028,corrected,pH,normalized_shape
S16,3.32952,9.935160052952348,-6.605640052952348,corrected,pH,normalized_shape
S17,2.90764444444444,-4.990040569593791,7.897685014038231,corrected,pH,normalized_shape
S18,3.38784375,0.355792953527466,3.032050796472534,corrected,pH,normalized_shape
S19,102.275121428571,93.9382520955717,8.3368693329993,corrected,pH,normalized_shape
S20,22.9654636363636,12.08555436739519,10.879909268968412,corrected,pH,normalized_shape
S21,20.3272333333333,36.13257098842901,-15.805337655095709,corrected,pH,normalized_shape
S22,97.8035117647059,47.62699842084959,50.176513343856314,corrected,pH,normalized_shape
S23,8.98973,19.34622302144399,-10.35649302144399,corrected,pH,normalized_shape
S24,2.53203,17.48551429406109,-14.953484294061091,corrected,pH,normalized_shape
S25,4.79285,9.341642597320275,-4.548792597320276,corrected,pH,normalized_shape
S26,8.33764166666666,10.361138740580571,-2.023497073913912,corrected,pH,normalized_shape
S27,11.6123555555556,6.53812111993715,5.07423443561845,corrected,pH,normalized_shape
S28,4.7573125,19.06081197735712,-14.303499477357118,corrected,pH,normalized_shape
S30,1.22957,0.6597979776363836,0.5697720223636165,corrected,pH,normalized_shape
S01,24.0251483870968,18.54492357892676,5.480224808170039,environment_only,pH,normalized_shape
S02,20.4213806451613,18.120747682768368,2.300632962392932,environment_only,pH,normalized_shape
S03,99.957735,15.45200614186802,84.50572885813197,environment_only,pH,normalized_shape
S04,3.62585384615385,18.786117810204544,-15.160263964050694,environment_only,pH,normalized_shape
S05,4.43015,18.789394057012178,-14.359244057012177,environment_only,pH,normalized_shape
S06,8.97778333333333,18.671969444017517,-9.694186110684187,environment_only,pH,normalized_shape
S07,16.7150777777778,18.387800841992142,-1.6727230642143418,environment_only,pH,normalized_shape
S08,7.9836,18.699831022944615,-10.716231022944616,environment_only,pH,normalized_shape
S09,2.54056666666667,18.856908939545498,-16.316342272878828,environment_only,pH,normalized_shape
S10,9.16958,18.696545314738238,-9.526965314738238,environment_only,pH,normalized_shape
S11,6.10548461538461,18.6726934107398,-12.56720879535519,environment_only,pH,normalized_shape
S12,3.49926363636364,18.86785656925724,-15.368592932893598,environment_only,pH,normalized_shape
S13,5.6308,18.6452675830084,-13.0144675830084,environment_only,pH,normalized_shape
S14,21.9599818181818,18.189223807153184,3.770758011028615,environment_only,pH,normalized_shape
S15,0.71624,19.146927521480446,-18.430687521480447,environment_only,pH,normalized_shape
S16,3.32952,18.779523371584943,-15.450003371584943,environment_only,pH,normalized_shape
S17,2.90764444444444,18.818839989270817,-15.911195544826377,environment_only,pH,normalized_shape
S18,3.38784375,18.724041051726857,-15.336197301726857,environment_only,pH,normalized_shape
S19,102.275121428571,8.643289419603366,93.63183200896763,environment_only,pH,normalized_shape
S20,22.9654636363636,18.179220347611036,4.786243288752566,environment_only,pH,normalized_shape
S21,20.3272333333333,18.318727989415752,2.008505343917548,environment_only,pH,normalized_shape
S22,97.8035117647059,15.526517926032968,82.27699383867294,environment_only,pH,normalized_shape
S23,8.98973,18.687102589169626,-9.697372589169627,environment_only,pH,normalized_shape
S24,2.53203,18.825334807770158,-16.29330480777016,environment_only,pH,normalized_shape
S25,4.79285,19.022625158903974,-14.229775158903974,environment_only,pH,normalized_shape
S26,8.33764166666666,18.65345441971757,-10.31581275305091,environment_only,pH,normalized_shape
S27,11.6123555555556,18.573954033529006,-6.961598477973405,environment_only,pH,normalized_shape
S28,4.7573125,18.31634665971841,-13.559034159718408,environment_only,pH,normalized_shape
S30,1.22957,18.87547692341461,-17.64590692341461,environment_only,pH,normalized_shape
S01,24.0251483870968,14.961923742868663,9.063224644228136,baseline,,normalized_shape
S02,20.4213806451613,35.14582204776205,-14.724441402600753,baseline,,normalized_shape
S03,99.957735,101.28582389489272,-1.3280888948927156,baseline,,normalized_shape
S04,3.62585384615385,11.3137690744055,-7.687915228251649,baseline,,normalized_shape
S05,4.43015,-7.027577436070157,11.457727436070158,baseline,,normalized_shape
S06,8.97778333333333,31.23861590763942,-22.260832574306093,baseline,,normalized_shape
S07,16.7150777777778,35.95130950566336,-19.23623172788556,baseline,,normalized_shape
S08,7.9836,-2.375228238168127,10.358828238168126,baseline,,normalized_shape
S09,2.54056666666667,7.824805636328808,-5.2842389696621375,baseline,,normalized_shape
S10,9.16958,0.3458737699209955,8.823706230079004,baseline,,normalized_shape
S11,6.10548461538461,5.75902224017101,0.34646237521359957,baseline,,normalized_shape
S12,3.49926363636364,-6.081370580572919,9.58063421693656,baseline,,normalized_shape
S13,5.6308,3.9789073432178146,1.6518926567821852,baseline,,normalized_shape
S14,21.9599818181818,37.784796979928025,-15.824815161746226,baseline,,normalized_shape
S15,0.71624,17.263907307215376,-16.547667307215377,baseline,,normalized_shape
S16,3.32952,-13.817838581100009,17.147358581100008,baseline,,normalized_shape
S17,2.90764444444444,-7.13566946789425,10.04331391233869,baseline,,normalized_shape
S18,3.38784375,-4.6070583444571405,7.9949020944571405,baseline,,normalized_shape
S19,102.275121428571,95.03314373985054,7.241977688720453,baseline,,normalized_shape
S20,22.9654636363636,11.476883540562525,11.488580095801076,baseline,,normalized_shape
S21,20.3272333333333,39.185041841700894,-18.857808508367594,baseline,,normalized_shape
S22,97.8035117647059,48.307129432614396,49.49638233209151,baseline,,normalized_shape
S23,8.98973,21.169182305238007,-12.179452305238007,baseline,,normalized_shape
S24,2.53203,17.682508748282817,-15.150478748282818,baseline,,normalized_shape
S25,4.79285,7.43907258373409,-2.6462225837340903,baseline,,normalized_shape
S26,8.33764166666666,11.99421057178085,-3.65656890511419,baseline,,normalized_shape
S27,11.6123555555556,5.147564719699167,6.464790835856434,baseline,,normalized_shape
S28,4.7573125,17.17405350176862,-12.416741001768617,baseline,,normalized_shape
S30,1.22957,-5.12213003446163,6.35170003446163,baseline,,normalized_shape
S01,24.0251483870968,15.785247502931503,8.239900884165296,concat,temperature,normalized_shape
S02,20.4213806451613,8.608776507020139,11.812604138141161,concat,temperature,normalized_shape
S03,99.957735,102.36030156945498,-2.402566569454976,concat,temperature,normalized_shape
S04,3.62585384615385,2.8289781943781094,0.7968756517757405,concat,temperature,normalized_shape
S05,4.43015,-11.99241292384027,16.42256292384027,concat,temperature,normalized_shape
S06,8.97778333333333,30.108921600179336,-21.13113826684601,concat,temperature,normalized_shape
S07,16.7150777777778,49.70108102943473,-32.98600325165693,concat,temperature,normalized_shape
S08,7.9836,-2.802190231647991,10.78579023164799,concat,temperature,normalized_shape
S09,2.54056666666667,9.81661348489171,-7.276046818225039,concat,temperature,normalized_shape
S10,9.16958,1.0546133557812674,8.114966644218732,concat,temperature,normalized_shape
S11,6.10548461538461,-5.6583375500675075,11.763822165452117,concat,temperature,normalized_shape
S12,3.49926363636364,0.9544019651682305,2.5448616711954095,concat,temperature,normalized_shape
S13,5.6308,3.251592341387388,2.3792076586126116,concat,temperature,normalized_shape
S14,21.9599818181818,13.818349608584551,8.141632209597248,concat,temperature,normalized_shape
S15,0.71624,15.099346031475623,-14.383106031475624,concat,temperature,normalized_shape
S16,3.32952,1.3327903151432636,1.9967296848567364,concat,temperature,normalized_shape
S17,2.90764444444444,-8.274958769655008,11.182603214099448,concat,temperature,normalized_shape
S18,3.38784375,8.133868190300932,-4.746024440300932,concat,temperature,normalized_shape
S19,102.275121428571,86.3257514431415,15.949369985429499,concat,temperature,normalized_shape
S20,22.9654636363636,3.3867671222565416,19.578696514107058,concat,temperature,normalized_shape
S21,20.3272333333333,36.80012748640772,-16.472894153074417,concat,temperature,normalized_shape
S22,97.8035117647059,41.05189331468766,56.75161845001824,concat,temperature,normalized_shape
S23,8.98973,28.969489255442422,-19.979759255442424,concat,temperature,normalized_shape
S24,2.53203,19.302329506712397,-16.770299506712398,concat,temperature,normalized_shape
S25,4.79285,11.228096400560425,-6.435246400560425,concat,temperature,normalized_shape
S26,8.33764166666666,5.236880582108091,3.1007610845585685,concat,temperature,normalized_shape
S27,11.6123555555556,2.645939107962807,8.966416447592794,concat,temperature,normalized_shape
S28,4.7573125,25.72394884229275,-20.966636342292748,concat,temperature,normalized_shape
S30,1.22957,7.315066239985743,-6.085496239985743,concat,temperature,normalized_shape
S01,24.0251483870968,18.62422058764599,5.400927799450809,corrected,temperature,normalized_shape
S02,20.4213806451613,32.13659493954592,-11.715214294384623,corrected,temperature,normalized_shape
S03,99.957735,99.92668847206907,0.03104652793092555,corrected,temperature,normalized_shape
S04,3.62585384615385,10.904704147340036,-7.278850301186186,corrected,temperature,normalized_shape
S05,4.43015,-3.5520673949842916,7.982217394984292,corrected,temperature,normalized_shape
S06,8.97778333333333,35.6574412253873,-26.679657892053974,corrected,temperature,normalized_shape
S07,16.7150777777778,34.62822863883146,-17.91315086105366,corrected,temperature,normalized_shape
S08,7.9836,1.4905639296095963,6.493036070390404,corrected,temperature,normalized_shape
S09,2.54056666666667,2.221293783835577,0.3192728828310929,corrected,temperature,normalized_shape
S10,9.16958,-1.3223485309666394,10.49192853096664,corrected,temperature,normalized_shape
S11,6.10548461538461,6.105821676651596,-0.00033706126698618277,corrected,temperature,normalized_shape
S12,3.49926363636364,-12.035195620706066,15.534459257069706,corrected,temperature,normalized_shape
S13,5.6308,5.87756866227871,-0.24676866227871042,corrected,temperature,normalized_shape
S14,21.9599818181818,36.13192791628623,-14.171946098104431,corrected,temperature,normalized_shape
S15,0.71624,18.923615542546624,-18.207375542546625,corrected,temperature,normalized_shape
S16,3.32952,8.301024379972645,-4.971504379972645,corrected,temperature,normalized_shape
S17,2.90764444444444,-3.925034650769419,6.832679095213859,corrected,temperature,normalized_shape
S18,3.38784375,-0.6483248345198618,4.036168584519862,corrected,temperature,normalized_shape
S19,102.275121428571,79.60661997015508,22.668501458415918,corrected,temperature,normalized_shape
S20,22.9654636363636,11.56684980074925,11.398613835614352,corrected,temperature,normalized_shape
S21,20.3272333333333,41.33869838953386,-21.01146505620056,corrected,temperature,normalized_shape
S22,97.8035117647059,41.40623390466479,56.397277860041115,corrected,temperature,normalized_shape
S23,8.98973,15.045404195063137,-6.055674195063137,corrected,temperature,normalized_shape
S24,2.53203,15.154907912284518,-12.622877912284519,corrected,temperature,normalized_shape
S25,4.79285,3.6354142654310095,1.15743573456899,corrected,temperature,normalized_shape
S26,8.33764166666666,13.014474806259457,-4.676833139592798,corrected,temperature,normalized_shape
S27,11.6123555555556,7.0728573286354095,4.539498226920191,corrected,temperature,normalized_shape
S28,4.7573125,15.990493307085773,-11.233180807085773,corrected,temperature,normalized_shape
S30,1.22957,-7.575702127024595,8.805272127024596,corrected,temperature,normalized_shape
S01,24.0251483870968,18.211876614296084,5.813271772800714,environment_only,temperature,normalized_shape
S02,20.4213806451613,18.346705261235325,2.0746753839259746,environment_only,temperature,normalized_shape
S03,99.957735,15.46711492353433,84.49062007646567,environment_only,temperature,normalized_shape
S04,3.62585384615385,18.885453261079928,-15.259599414926077,environment_only,temperature,normalized_shape
S05,4.43015,18.624886283058476,-14.194736283058475,environment_only,temperature,normalized_shape
S06,8.97778333333333,18.50440929211141,-9.526625958778082,environment_only,temperature,normalized_shape
S07,16.7150777777778,18.326919388133465,-1.6118416103556648,environment_only,temperature,normalized_shape
S08,7.9836,18.592796104258465,-10.609196104258466,environment_only,temperature,normalized_shape
S09,2.54056666666667,18.776941758583153,-16.236375091916482,environment_only,temperature,normalized_shape
S10,9.16958,18.7091066865816,-9.539526686581599,environment_only,temperature,normalized_shape
S11,6.10548461538461,18.5001989930303,-12.39471437764569,environment_only,temperature,normalized_shape
S12,3.49926363636364,19.04479772658175,-15.545534090218109,environment_only,temperature,normalized_shape
S13,5.6308,18.55911478469764,-12.92831478469764,environment_only,temperature,normalized_shape
S14,21.9599818181818,18.1821898918807,3.7777919263010986,environment_only,temperature,normalized_shape
S15,0.71624,18.833332675835653,-18.117092675835654,environment_only,temperature,normalized_shape
S16,3.32952,18.863650016836754,-15.534130016836754,environment_only,temperature,normalized_shape
S17,2.90764444444444,18.702862852969623,-15.795218408525184,environment_only,temperature,normalized_shape
S18,3.38784375,18.6911133630713,-15.303269613071299,environment_only,temperature,normalized_shape
S19,102.275121428571,11.002070851688803,91.2730505768822,environment_only,temperature,normalized_shape
S20,22.9654636363636,18.01676872536343,4.948694911000171,environment_only,temperature,normalized_shape
S21,20.3272333333333,18.118184583700028,2.209048749633272,environment_only,temperature,normalized_shape
S22,97.8035117647059,15.483510617232424,82.32000114747348,environment_only,temperature,normalized_shape
S23,8.98973,19.05628723325814,-10.06655723325814,environment_only,temperature,normalized_shape
S24,2.53203,18.941983257246385,-16.409953257246386,environment_only,temperature,normalized_shape
S25,4.79285,19.138146131533464,-14.345296131533464,environment_only,temperature,normalized_shape
S26,8.33764166666666,18.71055116349023,-10.37290949682357,environment_only,temperature,normalized_shape
S27,11.6123555555556,18.579606400179394,-6.967250844623793,environment_only,temperature,normalized_shape
S28,4.7573125,18.851204522295866,-14.093892022295865,environment_only,temperature,normalized_shape
S30,1.22957,19.114792424060056,-17.885222424060057,environment_only,temperature,normalized_shape
S01,24.0251483870968,14.961923742868663,9.063224644228136,baseline,,normalized_shape
S02,20.4213806451613,35.14582204776205,-14.724441402600753,baseline,,normalized_shape
S03,99.957735,101.28582389489272,-1.3280888948927156,baseline,,normalized_shape
S04,3.62585384615385,11.3137690744055,-7.687915228251649,baseline,,normalized_shape
S05,4.43015,-7.027577436070157,11.457727436070158,baseline,,normalized_shape
S06,8.97778333333333,31.23861590763942,-22.260832574306093,baseline,,normalized_shape
S07,16.7150777777778,35.95130950566336,-19.23623172788556,baseline,,normalized_shape
S08,7.9836,-2.375228238168127,10.358828238168126,baseline,,normalized_shape
S09,2.54056666666667,7.824805636328808,-5.2842389696621375,baseline,,normalized_shape
S10,9.16958,0.3458737699209955,8.823706230079004,baseline,,normalized_shape
S11,6.10548461538461,5.75902224017101,0.34646237521359957,baseline,,normalized_shape
S12,3.49926363636364,-6.081370580572919,9.58063421693656,baseline,,normalized_shape
S13,5.6308,3.9789073432178146,1.6518926567821852,baseline,,normalized_shape
S14,21.9599818181818,37.784796979928025,-15.824815161746226,baseline,,normalized_shape
S15,0.71624,17.263907307215376,-16.547667307215377,baseline,,normalized_shape
S16,3.32952,-13.817838581100009,17.147358581100008,baseline,,normalized_shape
S17,2.90764444444444,-7.13566946789425,10.04331391233869,baseline,,normalized_shape
S18,3.38784375,-4.6070583444571405,7.9949020944571405,baseline,,normalized_shape
S19,102.275121428571,95.03314373985054,7.241977688720453,baseline,,normalized_shape
S20,22.9654636363636,11.476883540562525,11.488580095801076,baseline,,normalized_shape
S21,20.3272333333333,39.185041841700894,-18.857808508367594,baseline,,normalized_shape
S22,97.8035117647059,48.307129432614396,49.49638233209151,baseline,,normalized_shape
S23,8.98973,21.169182305238007,-12.179452305238007,baseline,,normalized_shape
S24,2.53203,17.682508748282817,-15.150478748282818,baseline,,normalized_shape
S25,4.79285,7.43907258373409,-2.6462225837340903,baseline,,normalized_shape
S26,8.33764166666666,11.99421057178085,-3.65656890511419,baseline,,normalized_shape
S27,11.6123555555556,5.147564719699167,6.464790835856434,baseline,,normalized_shape
S28,4.7573125,17.17405350176862,-12.416741001768617,baseline,,normalized_shape
S30,1.22957,-5.12213003446163,6.35170003446163,baseline,,normalized_shape
S01,24.0251483870968,17.428130424255407,6.597017962841392,concat,DO,normalized_shape
S02,20.4213806451613,29.365405645806128,-8.944025000644828,concat,DO,normalized_shape
S03,99.957735,135.82873946680678,-35.87100446680678,concat,DO,normalized_shape
S04,3.62585384615385,8.19047969692662,-4.564625850772769,concat,DO,normalized_shape
S05,4.43015,-4.031859531819819,8.46200953181982,concat,DO,normalized_shape
S06,8.97778333333333,27.1900709085792,-18.212287575245874,concat,DO,normalized_shape
S07,16.7150777777778,32.92663856685683,-16.21156078907903,concat,DO,normalized_shape
S08,7.9836,1.8159113833431881,6.167688616656812,concat,DO,normalized_shape
S09,2.54056666666667,7.020616649964811,-4.480049983298141,concat,DO,normalized_shape
S10,9.16958,7.754233179794678,1.4153468202053219,concat,DO,normalized_shape
S11,6.10548461538461,2.91730188641605,3.1881827289685596,concat,DO,normalized_shape
S12,3.49926363636364,1.3458046418556222,2.153458994508018,concat,DO,normalized_shape
S13,5.6308,-6.706913811216857,12.337713811216858,concat,DO,normalized_shape
S14,21.9599818181818,23.75691548190943,-1.796933663727632,concat,DO,normalized_shape
S15,0.71624,9.999812077428624,-9.283572077428623,concat,DO,normalized_shape
S16,3.32952,4.486999064125303,-1.1574790641253032,concat,DO,normalized_shape
S17,2.90764444444444,-6.477187577945095,9.384832022389535,concat,DO,normalized_shape
S18,3.38784375,0.3550024204204334,3.0328413295795666,concat,DO,normalized_shape
S19,102.275121428571,66.36034709234428,35.914774336226714,concat,DO,normalized_shape
S20,22.9654636363636,30.37412870043851,-7.40866506407491,concat,DO,normalized_shape
S21,20.3272333333333,33.19286948347453,-12.865636150141231,concat,DO,normalized_shape
S22,97.8035117647059,48.11478847748154,49.68872328722436,concat,DO,normalized_shape
S23,8.98973,25.850251363126926,-16.860521363126928,concat,DO,normalized_shape
S24,2.53203,15.960909835364156,-13.428879835364157,concat,DO,normalized_shape
S25,4.79285,8.678174047201697,-3.8853240472016974,concat,DO,normalized_shape
S26,8.33764166666666,15.91083120526633,-7.573189538599671,concat,DO,normalized_shape
S27,11.6123555555556,8.495575565226074,3.116779990329526,concat,DO,normalized_shape
S28,4.7573125,13.650745996349439,-8.893433496349438,concat,DO,normalized_shape
S30,1.22957,-5.3167695939882265,6.546339593988226,concat,DO,normalized_shape
S01,24.0251483870968,21.920888619964625,2.1042597671321737,corrected,DO,normalized_shape
S02,20.4213806451613,28.1821975605131,-7.7608169153518,corrected,DO,normalized_shape
S03,99.957735,75.57086461821731,24.386870381782686,corrected,DO,normalized_shape
S04,3.62585384615385,22.161641438791406,-18.535787592637558,corrected,DO,normalized_shape
S05,4.43015,5.031796653617192,-0.601646653617192,corrected,DO,normalized_shape
S06,8.97778333333333,30.17270770779775,-21.19492437446442,corrected,DO,normalized_shape
S07,16.7150777777778,23.58793856145496,-6.872860783677158,corrected,DO,normalized_shape
S08,7.9836,9.617031067680156,-1.6334310676801556,corrected,DO,normalized_shape
S09,2.54056666666667,4.574477880743528,-2.033911214076858,corrected,DO,normalized_shape
S10,9.16958,9.839334514799702,-0.6697545147997026,corrected,DO,normalized_shape
S11,6.10548461538461,9.187594870849528,-3.0821102554649187,corrected,DO,normalized_shape
S12,3.49926363636364,-0.716339605211207,4.215603241574847,corrected,DO,normalized_shape
S13,5.6308,20.135497175019555,-14.504697175019555,corrected,DO,normalized_shape
S14,21.9599818181818,31.613403452048253,-9.653421633866454,corrected,DO,normalized_shape
S15,0.71624,10.645528003112382,-9.929288003112383,corrected,DO,normalized_shape
S16,3.32952,21.986621987980143,-18.657101987980145,corrected,DO,normalized_shape
S17,2.90764444444444,9.465189731047843,-6.557545286603403,corrected,DO,normalized_shape
S18,3.38784375,11.156253776579655,-7.768410026579655,corrected,DO,normalized_shape
S19,102.275121428571,17.839429693163815,84.43569173540718,corrected,DO,normalized_shape
S20,22.9654636363636,12.367492744328947,10.597970892034654,corrected,DO,normalized_shape
S21,20.3272333333333,32.90022379792008,-12.572990464586777,corrected,DO,normalized_shape
S22,97.8035117647059,12.505117485194484,85.29839427951141,corrected,DO,normalized_shape
S23,8.98973,18.687005243257108,-9.697275243257108,corrected,DO,normalized_shape
S24,2.53203,19.337233910567544,-16.805203910567545,corrected,DO,normalized_shape
S25,4.79285,24.465889883593015,-19.673039883593013,corrected,DO,normalized_shape
S26,8.33764166666666,20.38475749132586,-12.047115824659201,corrected,DO,normalized_shape
S27,11.6123555555556,16.02362149218417,-4.411265936628569,corrected,DO,normalized_shape
S28,4.7573125,21.30793492523921,-16.550622425239208,corrected,DO,normalized_shape
S30,1.22957,8.727387214154163,-7.497817214154163,corrected,DO,normalized_shape
S01,24.0251483870968,11.853744976352376,12.171403410744423,environment_only,DO,normalized_shape
S02,20.4213806451613,13.048930017115389,7.372450628045911,environment_only,DO,normalized_shape
S03,99.957735,55.0523345841942,44.9054004158058,environment_only,DO,normalized_shape
S04,3.62585384615385,-2.505860267481193,6.131714113635043,environment_only,DO,normalized_shape
S05,4.43015,18.996249646890877,-14.566099646890876,environment_only,DO,normalized_shape
S06,8.97778333333333,13.931877891369576,-4.954094558036246,environment_only,DO,normalized_shape
S07,16.7150777777778,27.569529925362655,-10.854452147584855,environment_only,DO,normalized_shape
S08,7.9836,15.897946162056735,-7.914346162056735,environment_only,DO,normalized_shape
S09,2.54056666666667,35.101862823571395,-32.561296156904724,environment_only,DO,normalized_shape
S10,9.16958,22.265775268369215,-13.096195268369215,environment_only,DO,normalized_shape
S11,6.10548461538461,14.336716186448745,-8.231231571064136,environment_only,DO,normalized_shape
S12,3.49926363636364,33.402861239716316,-29.903597603352676,environment_only,DO,normalized_shape
S13,5.6308,-16.03022559559096,21.66102559559096,environment_only,DO,normalized_shape
S14,21.9599818181818,-9.578910654996026,31.538892473177825,environment_only,DO,normalized_shape
S15,0.71624,17.642970507570148,-16.92673050757015,environment_only,DO,normalized_shape
S16,3.32952,-3.757362822680747,7.086882822680748,environment_only,DO,normalized_shape
S17,2.90764444444444,8.239716055974638,-5.332071611530198,environment_only,DO,normalized_shape
S18,3.38784375,10.89023173276752,-7.5023879827675195,environment_only,DO,normalized_shape
S19,102.275121428571,21.179554708241533,81.09556672032946,environment_only,DO,normalized_shape
S20,22.9654636363636,49.76074679081089,-26.79528315444729,environment_only,DO,normalized_shape
S21,20.3272333333333,16.641469038094442,3.685764295238858,environment_only,DO,normalized_shape
S22,97.8035117647059,52.357397781363716,45.44611398334219,environment_only,DO,normalized_shape
S23,8.98973,26.98075987164077,-17.99102987164077,environment_only,DO,normalized_shape
S24,2.53203,16.984843561393202,-14.452813561393203,environment_only,DO,normalized_shape
S25,4.79285,1.3252185259841838,3.467631474015816,environment_only,DO,normalized_shape
S26,8.33764166666666,14.54969632777107,-6.2120546611044105,environment_only,DO,normalized_shape
S27,11.6123555555556,14.725008291239794,-3.1126527356841933,environment_only,DO,normalized_shape
S28,4.7573125,8.45243771652892,-3.6951252165289192,environment_only,DO,normalized_shape
S30,1.22957,5.935681543091375,-4.706111543091375,environment_only,DO,normalized_shape
S01,24.0251483870968,14.961923742868663,9.063224644228136,baseline,,normalized_shape
S02,20.4213806451613,35.14582204776205,-14.724441402600753,baseline,,normalized_shape
S03,99.957735,101.28582389489272,-1.3280888948927156,baseline,,normalized_shape
S04,3.62585384615385,11.3137690744055,-7.687915228251649,baseline,,normalized_shape
S05,4.43015,-7.027577436070157,11.457727436070158,baseline,,normalized_shape
S06,8.97778333333333,31.23861590763942,-22.260832574306093,baseline,,normalized_shape
S07,16.7150777777778,35.95130950566336,-19.23623172788556,baseline,,normalized_shape
S08,7.9836,-2.375228238168127,10.358828238168126,baseline,,normalized_shape
S09,2.54056666666667,7.824805636328808,-5.2842389696621375,baseline,,normalized_shape
S10,9.16958,0.3458737699209955,8.823706230079004,baseline,,normalized_shape
S11,6.10548461538461,5.75902224017101,0.34646237521359957,baseline,,normalized_shape
S12,3.49926363636364,-6.081370580572919,9.58063421693656,baseline,,normalized_shape
S13,5.6308,3.9789073432178146,1.6518926567821852,baseline,,normalized_shape
S14,21.9599818181818,37.784796979928025,-15.824815161746226,baseline,,normalized_shape
S15,0.71624,17.263907307215376,-16.547667307215377,baseline,,normalized_shape
S16,3.32952,-13.817838581100009,17.147358581100008,baseline,,normalized_shape
S17,2.90764444444444,-7.13566946789425,10.04331391233869,baseline,,normalized_shape
S18,3.38784375,-4.6070583444571405,7.9949020944571405,baseline,,normalized_shape
S19,102.275121428571,95.03314373985054,7.241977688720453,baseline,,normalized_shape
S20,22.9654636363636,11.476883540562525,11.488580095801076,baseline,,normalized_shape
S21,20.3272333333333,39.185041841700894,-18.857808508367594,baseline,,normalized_shape
S22,97.8035117647059,48.307129432614396,49.49638233209151,baseline,,normalized_shape
S23,8.98973,21.169182305238007,-12.179452305238007,baseline,,normalized_shape
S24,2.53203,17.682508748282817,-15.150478748282818,baseline,,normalized_shape
S25,4.79285,7.43907258373409,-2.6462225837340903,baseline,,normalized_shape
S26,8.33764166666666,11.99421057178085,-3.65656890511419,baseline,,normalized_shape
S27,11.6123555555556,5.147564719699167,6.464790835856434,baseline,,normalized_shape
S28,4.7573125,17.17405350176862,-12.416741001768617,baseline,,normalized_shape
S30,1.22957,-5.12213003446163,6.35170003446163,baseline,,normalized_shape
S01,24.0251483870968,22.327901448900164,1.6972469381966349,concat,ORP,normalized_shape
S02,20.4213806451613,41.27135180865748,-20.84997116349618,concat,ORP,normalized_shape
S03,99.957735,122.17636620870158,-22.21863120870158,concat,ORP,normalized_shape
S04,3.62585384615385,7.839817113612488,-4.213963267458638,concat,ORP,normalized_shape
S05,4.43015,-4.395686719904454,8.825836719904455,concat,ORP,normalized_shape
S06,8.97778333333333,28.6031123609801,-19.62532902764677,concat,ORP,normalized_shape
S07,16.7150777777778,30.100628208721943,-13.385550430944143,concat,ORP,normalized_shape
S08,7.9836,-7.817390595071064,15.800990595071063,concat,ORP,normalized_shape
S09,2.54056666666667,8.525504696695744,-5.984938030029074,concat,ORP,normalized_shape
S10,9.16958,4.842448234203442,4.327131765796558,concat,ORP,normalized_shape
S11,6.10548461538461,9.9847854248558,-3.879300809471191,concat,ORP,normalized_shape
S12,3.49926363636364,0.37126836878637803,3.127995267577262,concat,ORP,normalized_shape
S13,5.6308,-1.0832040069390985,6.714004006939098,concat,ORP,normalized_shape
S14,21.9599818181818,36.690832346838555,-14.730850528656756,concat,ORP,normalized_shape
S15,0.71624,10.004475873206992,-9.288235873206993,concat,ORP,normalized_shape
S16,3.32952,4.281612145036284,-0.9520921450362843,concat,ORP,normalized_shape
S17,2.90764444444444,-6.106208890241991,9.01385333468643,concat,ORP,normalized_shape
S18,3.38784375,-5.31604391669358,8.70388766669358,concat,ORP,normalized_shape
S19,102.275121428571,70.15774484777934,32.11737658079166,concat,ORP,normalized_shape
S20,22.9654636363636,20.45586157954655,2.5096020568170516,concat,ORP,normalized_shape
S21,20.3272333333333,41.32588949170363,-20.998656158370327,concat,ORP,normalized_shape
S22,97.8035117647059,50.373969780501355,47.42954198420455,concat,ORP,normalized_shape
S23,8.98973,24.328474266282104,-15.338744266282104,concat,ORP,normalized_shape
S24,2.53203,13.431181439587402,-10.899151439587403,concat,ORP,normalized_shape
S25,4.79285,1.1145697576139213,3.6782802423860783,concat,ORP,normalized_shape
S26,8.33764166666666,12.15937720142552,-3.8217355347588615,concat,ORP,normalized_shape
S27,11.6123555555556,10.914576649629584,0.6977789059260164,concat,ORP,normalized_shape
S28,4.7573125,-1.266096235968142,6.023408735968142,concat,ORP,normalized_shape
S30,1.22957,-1.4553451489785445,2.6849151489785443,concat,ORP,normalized_shape
S01,24.0251483870968,21.535823681004334,2.4893247060924644,corrected,ORP,normalized_shape
S02,20.4213806451613,38.10346501517729,-17.682084370015993,corrected,ORP,normalized_shape
S03,99.957735,104.69195958292302,-4.734224582923019,corrected,ORP,normalized_shape
S04,3.62585384615385,13.770578616552385,-10.144724770398534,corrected,ORP,normalized_shape
S05,4.43015,-3.1619155753838655,7.592065575383866,corrected,ORP,normalized_shape
S06,8.97778333333333,24.64345831494464,-15.665674981611309,corrected,ORP,normalized_shape
S07,16.7150777777778,25.47069341388393,-8.755615636106128,corrected,ORP,normalized_shape
S08,7.9836,-3.0921943334929374,11.075794333492937,corrected,ORP,normalized_shape
S09,2.54056666666667,0.6125932876777149,1.927973378988955,corrected,ORP,normalized_shape
S10,9.16958,-0.533151299876792,9.702731299876792,corrected,ORP,normalized_shape
S11,6.10548461538461,10.440822316786251,-4.335337701401642,corrected,ORP,normalized_shape
S12,3.49926363636364,-6.666566880354157,10.165830516717797,corrected,ORP,normalized_shape
S13,5.6308,9.570074757185964,-3.939274757185964,corrected,ORP,normalized_shape
S14,21.9599818181818,31.97467714430975,-10.014695326127953,corrected,ORP,normalized_shape
S15,0.71624,23.330441733736283,-22.614201733736284,corrected,ORP,normalized_shape
S16,3.32952,13.895186542610872,-10.565666542610872,corrected,ORP,normalized_shape
S17,2.90764444444444,-4.180157701708751,7.087802146153191,corrected,ORP,normalized_shape
S18,3.38784375,4.488641151717404,-1.1007974017174043,corrected,ORP,normalized_shape
S19,102.275121428571,28.92952410222008,73.34559732635091,corrected,ORP,normalized_shape
S20,22.9654636363636,11.304327136955216,11.661136499408386,corrected,ORP,normalized_shape
S21,20.3272333333333,27.957525781386167,-7.630292448052867,corrected,ORP,normalized_shape
S22,97.8035117647059,30.857252948856594,66.9462588158493,corrected,ORP,normalized_shape
S23,8.98973,21.485636293016285,-12.495906293016285,corrected,ORP,normalized_shape
S24,2.53203,16.03073261731424,-13.49870261731424,corrected,ORP,normalized_shape
S25,4.79285,13.366650751026693,-8.573800751026694,corrected,ORP,normalized_shape
S26,8.33764166666666,12.282136784574282,-3.944495117907623,corrected,ORP,normalized_shape
S27,11.6123555555556,7.625655658008986,3.9866998975466146,corrected,ORP,normalized_shape
S28,4.7573125,34.52499920464968,-29.76768670464968,corrected,ORP,normalized_shape
S30,1.22957,-1.3380638694386064,2.5676338694386063,corrected,ORP,normalized_shape
S01,24.0251483870968,19.042491851008684,4.982656536088115,environment_only,ORP,normalized_shape
S02,20.4213806451613,17.514351046973978,2.9070295981873215,environment_only,ORP,normalized_shape
S03,99.957735,15.647972529019336,84.30976247098066,environment_only,ORP,normalized_shape
S04,3.62585384615385,17.891692250844965,-14.265838404691115,environment_only,ORP,normalized_shape
S05,4.43015,19.03572856455974,-14.605578564559739,environment_only,ORP,normalized_shape
S06,8.97778333333333,20.085756970132987,-11.107973636799658,environment_only,ORP,normalized_shape
S07,16.7150777777778,19.79246804242949,-3.07739026465169,environment_only,ORP,normalized_shape
S08,7.9836,20.123442360790875,-12.139842360790876,environment_only,ORP,normalized_shape
S09,2.54056666666667,20.078520820297793,-17.537954153631123,environment_only,ORP,normalized_shape
S10,9.16958,20.327950215291946,-11.158370215291946,environment_only,ORP,normalized_shape
S11,6.10548461538461,16.637776317694897,-10.532291702310287,environment_only,ORP,normalized_shape
S12,3.49926363636364,21.066948030381514,-17.567684394017874,environment_only,ORP,normalized_shape
S13,5.6308,16.28300402643555,-10.652204026435548,environment_only,ORP,normalized_shape
S14,21.9599818181818,19.593655357586883,2.366326460594916,environment_only,ORP,normalized_shape
S15,0.71624,16.836380617337312,-16.120140617337313,environment_only,ORP,normalized_shape
S16,3.32952,16.98110035944614,-13.651580359446138,environment_only,ORP,normalized_shape
S17,2.90764444444444,18.38252618649998,-15.47488174205554,environment_only,ORP,normalized_shape
S18,3.38784375,16.544456054644602,-13.156612304644602,environment_only,ORP,normalized_shape
S19,102.275121428571,0.22361039041551756,102.05151103815548,environment_only,ORP,normalized_shape
S20,22.9654636363636,22.831944086259504,0.1335195501040971,environment_only,ORP,normalized_shape
S21,20.3272333333333,22.434546065734366,-2.1073127324010663,environment_only,ORP,normalized_shape
S22,97.8035117647059,15.739618073819056,82.06389369088684,environment_only,ORP,normalized_shape
S23,8.98973,21.10301005573773,-12.11328005573773,environment_only,ORP,normalized_shape
S24,2.53203,18.163353203181067,-15.631323203181068,environment_only,ORP,normalized_shape
S25,4.79285,16.225910655341327,-11.433060655341327,environment_only,ORP,normalized_shape
S26,8.33764166666666,19.13479029774999,-10.797148631083331,environment_only,ORP,normalized_shape
S27,11.6123555555556,20.233392474067685,-8.621036918512084,environment_only,ORP,normalized_shape
S28,4.7573125,17.02919920360071,-12.27188670360071,environment_only,ORP,normalized_shape
S30,1.22957,18.676745784825265,-17.447175784825266,environment_only,ORP,normalized_shape
S01,24.0251483870968,14.961923742868663,9.063224644228136,baseline,,normalized_shape
S02,20.4213806451613,35.14582204776205,-14.724441402600753,baseline,,normalized_shape
S03,99.957735,101.28582389489272,-1.3280888948927156,baseline,,normalized_shape
S04,3.62585384615385,11.3137690744055,-7.687915228251649,baseline,,normalized_shape
S05,4.43015,-7.027577436070157,11.457727436070158,baseline,,normalized_shape
S06,8.97778333333333,31.23861590763942,-22.260832574306093,baseline,,normalized_shape
S07,16.7150777777778,35.95130950566336,-19.23623172788556,baseline,,normalized_shape
S08,7.9836,-2.375228238168127,10.358828238168126,baseline,,normalized_shape
S09,2.54056666666667,7.824805636328808,-5.2842389696621375,baseline,,normalized_shape
S10,9.16958,0.3458737699209955,8.823706230079004,baseline,,normalized_shape
S11,6.10548461538461,5.75902224017101,0.34646237521359957,baseline,,normalized_shape
S12,3.49926363636364,-6.081370580572919,9.58063421693656,baseline,,normalized_shape
S13,5.6308,3.9789073432178146,1.6518926567821852,baseline,,normalized_shape
S14,21.9599818181818,37.784796979928025,-15.824815161746226,baseline,,normalized_shape
S15,0.71624,17.263907307215376,-16.547667307215377,baseline,,normalized_shape
S16,3.32952,-13.817838581100009,17.147358581100008,baseline,,normalized_shape
S17,2.90764444444444,-7.13566946789425,10.04331391233869,baseline,,normalized_shape
S18,3.38784375,-4.6070583444571405,7.9949020944571405,baseline,,normalized_shape
S19,102.275121428571,95.03314373985054,7.241977688720453,baseline,,normalized_shape
S20,22.9654636363636,11.476883540562525,11.488580095801076,baseline,,normalized_shape
S21,20.3272333333333,39.185041841700894,-18.857808508367594,baseline,,normalized_shape
S22,97.8035117647059,48.307129432614396,49.49638233209151,baseline,,normalized_shape
S23,8.98973,21.169182305238007,-12.179452305238007,baseline,,normalized_shape
S24,2.53203,17.682508748282817,-15.150478748282818,baseline,,normalized_shape
S25,4.79285,7.43907258373409,-2.6462225837340903,baseline,,normalized_shape
S26,8.33764166666666,11.99421057178085,-3.65656890511419,baseline,,normalized_shape
S27,11.6123555555556,5.147564719699167,6.464790835856434,baseline,,normalized_shape
S28,4.7573125,17.17405350176862,-12.416741001768617,baseline,,normalized_shape
S30,1.22957,-5.12213003446163,6.35170003446163,baseline,,normalized_shape
S01,24.0251483870968,19.88073166310395,4.1444167239928476,concat,turbidity,normalized_shape
S02,20.4213806451613,33.386615454179584,-12.965234809018284,concat,turbidity,normalized_shape
S03,99.957735,95.81926964388316,4.138465356116839,concat,turbidity,normalized_shape
S04,3.62585384615385,13.191421161103232,-9.565567314949382,concat,turbidity,normalized_shape
S05,4.43015,-6.254021307623457,10.684171307623458,concat,turbidity,normalized_shape
S06,8.97778333333333,32.61558252015842,-23.63779918682509,concat,turbidity,normalized_shape
S07,16.7150777777778,47.090532826333266,-30.375455048555466,concat,turbidity,normalized_shape
S08,7.9836,-5.040211624409313,13.023811624409312,concat,turbidity,normalized_shape
S09,2.54056666666667,-3.0581231563460953,5.598689823012766,concat,turbidity,normalized_shape
S10,9.16958,0.7466160948824729,8.422963905117527,concat,turbidity,normalized_shape
S11,6.10548461538461,0.04063088196892295,6.064853733415687,concat,turbidity,normalized_shape
S12,3.49926363636364,-5.271229516958261,8.770493153321901,concat,turbidity,normalized_shape
S13,5.6308,1.2314690730040816,4.399330926995918,concat,turbidity,normalized_shape
S14,21.9599818181818,37.656203340068345,-15.696221521886546,concat,turbidity,normalized_shape
S15,0.71624,12.564862028645557,-11.848622028645558,concat,turbidity,normalized_shape
S16,3.32952,9.32358335217921,-5.994063352179209,concat,turbidity,normalized_shape
S17,2.90764444444444,-5.796797000407857,8.704441444852296,concat,turbidity,normalized_shape
S18,3.38784375,-4.67431052730398,8.06215427730398,concat,turbidity,normalized_shape
S19,102.275121428571,85.07865389612952,17.196467532441474,concat,turbidity,normalized_shape
S20,22.9654636363636,5.828497634731654,17.136966001631947,concat,turbidity,normalized_shape
S21,20.3272333333333,26.424056439761593,-6.0968231064282925,concat,turbidity,normalized_shape
S22,97.8035117647059,38.288695653566904,59.514816111139,concat,turbidity,normalized_shape
S23,8.98973,24.684509136995153,-15.694779136995153,concat,turbidity,normalized_shape
S24,2.53203,20.844845880548405,-18.312815880548406,concat,turbidity,normalized_shape
S25,4.79285,14.821703149384884,-10.028853149384885,concat,turbidity,normalized_shape
S26,8.33764166666666,16.432691654665486,-8.095049987998827,concat,turbidity,normalized_shape
S27,11.6123555555556,9.534507021210208,2.0778485343453923,concat,turbidity,normalized_shape
S28,4.7573125,20.733875956039082,-15.97656345603908,concat,turbidity,normalized_shape
S30,1.22957,-3.384018672218648,4.613588672218648,concat,turbidity,normalized_shape
S01,24.0251483870968,15.391451418300786,8.633696968796013,corrected,turbidity,normalized_shape
S02,20.4213806451613,31.897486914787784,-11.476106269626484,corrected,turbidity,normalized_shape
S03,99.957735,96.72218183170352,3.2355531682964767,corrected,turbidity,normalized_shape
S04,3.62585384615385,15.41449624369594,-11.78864239754209,corrected,turbidity,normalized_shape
S05,4.43015,-7.381341989594901,11.811491989594902,corrected,turbidity,normalized_shape
S06,8.97778333333333,24.68688922610989,-15.709105892776561,corrected,turbidity,normalized_shape
S07,16.7150777777778,50.81397018118374,-34.09889240340594,corrected,turbidity,normalized_shape
S08,7.9836,-10.350976507335208,18.334576507335207,corrected,turbidity,normalized_shape
S09,2.54056666666667,-2.3592463057902293,4.8998129724569,corrected,turbidity,normalized_shape
S10,9.16958,1.117246890824056,8.052333109175944,corrected,turbidity,normalized_shape
S11,6.10548461538461,1.0136894356674304,5.091795179717179,corrected,turbidity,normalized_shape
S12,3.49926363636364,-3.0198899431380077,6.519153579501648,corrected,turbidity,normalized_shape
S13,5.6308,2.6523966741802276,2.978403325819772,corrected,turbidity,normalized_shape
S14,21.9599818181818,39.153582020680886,-17.193600202499088,corrected,turbidity,normalized_shape
S15,0.71624,15.184026548370033,-14.467786548370032,corrected,turbidity,normalized_shape
S16,3.32952,11.210849696715599,-7.881329696715598,corrected,turbidity,normalized_shape
S17,2.90764444444444,-4.539226974409633,7.446871418854073,corrected,turbidity,normalized_shape
S18,3.38784375,-6.839804759025551,10.227648509025551,corrected,turbidity,normalized_shape
S19,102.275121428571,81.52636019083565,20.74876123773535,corrected,turbidity,normalized_shape
S20,22.9654636363636,1.8033987377968757,21.162064898566726,corrected,turbidity,normalized_shape
S21,20.3272333333333,-10.234130555722597,30.561363889055897,corrected,turbidity,normalized_shape
S22,97.8035117647059,30.5700304979868,67.23348126671911,corrected,turbidity,normalized_shape
S23,8.98973,27.004874485554538,-18.015144485554536,corrected,turbidity,normalized_shape
S24,2.53203,24.160451492978268,-21.62842149297827,corrected,turbidity,normalized_shape
S25,4.79285,17.20841760482068,-12.415567604820682,corrected,turbidity,normalized_shape
S26,8.33764166666666,17.467079576312678,-9.129437909646018,corrected,turbidity,normalized_shape
S27,11.6123555555556,8.88498754036282,2.7273680151927806,corrected,turbidity,normalized_shape
S28,4.7573125,24.007704676459515,-19.250392176459513,corrected,turbidity,normalized_shape
S30,1.22957,-1.2434623884307605,2.4730323884307603,corrected,turbidity,normalized_shape
S01,24.0251483870968,18.53476259431172,5.49038579278508,environment_only,turbidity,normalized_shape
S02,20.4213806451613,18.346684722093574,2.0746959230677255,environment_only,turbidity,normalized_shape
S03,99.957735,14.629626165842774,85.32810883415722,environment_only,turbidity,normalized_shape
S04,3.62585384615385,18.335075699890314,-14.709221853736464,environment_only,turbidity,normalized_shape
S05,4.43015,18.551357892342846,-14.121207892342845,environment_only,turbidity,normalized_shape
S06,8.97778333333333,21.50257349772015,-12.52479016438682,environment_only,turbidity,normalized_shape
S07,16.7150777777778,18.64425397715773,-1.9291761993799312,environment_only,turbidity,normalized_shape
S08,7.9836,19.17102704534833,-11.187427045348329,environment_only,turbidity,normalized_shape
S09,2.54056666666667,18.577394254966162,-16.03682758829949,environment_only,turbidity,normalized_shape
S10,9.16958,18.21466752041431,-9.04508752041431,environment_only,turbidity,normalized_shape
S11,6.10548461538461,18.363357318148378,-12.257872702763768,environment_only,turbidity,normalized_shape
S12,3.49926363636364,18.356109753080844,-14.856846116717204,environment_only,turbidity,normalized_shape
S13,5.6308,18.38127977057392,-12.750479770573918,environment_only,turbidity,normalized_shape
S14,21.9599818181818,17.745211679087536,4.214770139094263,environment_only,turbidity,normalized_shape
S15,0.71624,18.51519933723186,-17.79895933723186,environment_only,turbidity,normalized_shape
S16,3.32952,18.374630261090424,-15.045110261090423,environment_only,turbidity,normalized_shape
S17,2.90764444444444,18.61191775495945,-15.70427331051501,environment_only,turbidity,normalized_shape
S18,3.38784375,18.56640585504719,-15.17856210504719,environment_only,turbidity,normalized_shape
S19,102.275121428571,15.337720063858258,86.93740136471274,environment_only,turbidity,normalized_shape
S20,22.9654636363636,19.216862453819193,3.7486011825444088,environment_only,turbidity,normalized_shape
S21,20.3272333333333,28.16915847534443,-7.8419251420111316,environment_only,turbidity,normalized_shape
S22,97.8035117647059,15.326512285856538,82.47699947884936,environment_only,turbidity,normalized_shape
S23,8.98973,18.197319096932645,-9.207589096932645,environment_only,turbidity,normalized_shape
S24,2.53203,18.492049590921287,-15.960019590921288,environment_only,turbidity,normalized_shape
S25,4.79285,18.672830454543224,-13.879980454543224,environment_only,turbidity,normalized_shape
S26,8.33764166666666,18.677510413178272,-10.339868746511613,environment_only,turbidity,normalized_shape
S27,11.6123555555556,18.485229712713583,-6.872874157157982,environment_only,turbidity,normalized_shape
S28,4.7573125,18.32806365583533,-13.570751155835328,environment_only,turbidity,normalized_shape
S30,1.22957,18.62492523949219,-17.39535523949219,environment_only,turbidity,normalized_shape
S01,24.0251483870968,18.111151987030553,5.913996400066246,baseline,,mechanistic_ratio
S02,20.4213806451613,18.239892252191698,2.1814883929696016,baseline,,mechanistic_ratio
S03,99.957735,15.398551721158121,84.55918327884189,baseline,,mechanistic_ratio
S04,3.62585384615385,18.83989223234137,-15.21403838618752,baseline,,mechanistic_ratio
S05,4.43015,18.676059544759525,-14.245909544759524,baseline,,mechanistic_ratio
S06,8.97778333333333,18.648700992882308,-9.670917659548978,baseline,,mechanistic_ratio
S07,16.7150777777778,18.372295461300336,-1.6572176835225356,baseline,,mechanistic_ratio
S08,7.9836,18.43486703626132,-10.45126703626132,baseline,,mechanistic_ratio
S09,2.54056666666667,18.356203231154083,-15.815636564487413,baseline,,mechanistic_ratio
S10,9.16958,18.641849287808096,-9.472269287808096,baseline,,mechanistic_ratio
S11,6.10548461538461,18.75131040754234,-12.645825792157732,baseline,,mechanistic_ratio
S12,3.49926363636364,18.77876767180541,-15.279504035441771,baseline,,mechanistic_ratio
S13,5.6308,18.76826794410648,-13.13746794410648,baseline,,mechanistic_ratio
S14,21.9599818181818,18.18492757711374,3.7750542410680588,baseline,,mechanistic_ratio
S15,0.71624,18.943834685044827,-18.227594685044828,baseline,,mechanistic_ratio
S16,3.32952,18.85047840233399,-15.52095840233399,baseline,,mechanistic_ratio
S17,2.90764444444444,18.985044856657485,-16.077400412213045,baseline,,mechanistic_ratio
S18,3.38784375,18.848394856562486,-15.460551106562486,baseline,,mechanistic_ratio
S19,102.275121428571,15.315765880155272,86.95935554841573,baseline,,mechanistic_ratio
S20,22.9654636363636,18.149007949336088,4.8164556870275135,baseline,,mechanistic_ratio
S21,20.3272333333333,18.17350332150375,2.153730011829552,baseline,,mechanistic_ratio
S22,97.8035117647059,15.475508753460957,82.32800301124495,baseline,,mechanistic_ratio
S23,8.98973,18.648274212594394,-9.658544212594395,baseline,,mechanistic_ratio
S24,2.53203,18.878967772741703,-16.346937772741704,baseline,,mechanistic_ratio
S25,4.79285,18.838722060796005,-14.045872060796006,baseline,,mechanistic_ratio
S26,8.33764166666666,18.671569283462844,-10.333927616796185,baseline,,mechanistic_ratio
S27,11.6123555555556,18.55458407115945,-6.9422285156038495,baseline,,mechanistic_ratio
S28,4.7573125,18.79947223373269,-14.042159733732689,baseline,,mechanistic_ratio
S30,1.22957,18.672898771002686,-17.443328771002687,baseline,,mechanistic_ratio
S01,24.0251483870968,18.11797142647187,5.9071769606249305,concat,salinity,mechanistic_ratio
S02,20.4213806451613,18.263418274797043,2.157962370364256,concat,salinity,mechanistic_ratio
S03,99.957735,15.171640779173027,84.78609422082697,concat,salinity,mechanistic_ratio
S04,3.62585384615385,18.83934771608317,-15.213493869929321,concat,salinity,mechanistic_ratio
S05,4.43015,18.736315880401683,-14.306165880401682,concat,salinity,mechanistic_ratio
S06,8.97778333333333,18.682531681213067,-9.704748347879738,concat,salinity,mechanistic_ratio
S07,16.7150777777778,18.360923657819953,-1.6458458800421525,concat,salinity,mechanistic_ratio
S08,7.9836,18.473151368579575,-10.489551368579576,concat,salinity,mechanistic_ratio
S09,2.54056666666667,18.40144246591196,-15.860875799245289,concat,salinity,mechanistic_ratio
S10,9.16958,18.637216058983455,-9.467636058983455,concat,salinity,mechanistic_ratio
S11,6.10548461538461,18.76920510591055,-12.663720490525941,concat,salinity,mechanistic_ratio
S12,3.49926363636364,18.78822070623552,-15.28895706987188,concat,salinity,mechanistic_ratio
S13,5.6308,18.769961789244007,-13.139161789244007,concat,salinity,mechanistic_ratio
S14,21.9599818181818,18.16360101626155,3.7963808019202503,concat,salinity,mechanistic_ratio
S15,0.71624,18.94542492253015,-18.229184922530152,concat,salinity,mechanistic_ratio
S16,3.32952,18.847814592933332,-15.518294592933332,concat,salinity,mechanistic_ratio
S17,2.90764444444444,18.983067621176563,-16.075423176732123,concat,salinity,mechanistic_ratio
S18,3.38784375,18.8460152530528,-15.458171503052801,concat,salinity,mechanistic_ratio
S19,102.275121428571,15.20308953249757,87.07203189607343,concat,salinity,mechanistic_ratio
S20,22.9654636363636,18.128545860984392,4.836917775379209,concat,salinity,mechanistic_ratio
S21,20.3272333333333,18.167151679661373,2.160081653671927,concat,salinity,mechanistic_ratio
S22,97.8035117647059,15.441435771396671,82.36207599330923,concat,salinity,mechanistic_ratio
S23,8.98973,18.643731824197314,-9.654001824197314,concat,salinity,mechanistic_ratio
S24,2.53203,18.877208998066408,-16.34517899806641,concat,salinity,mechanistic_ratio
S25,4.79285,18.837155512572263,-14.044305512572263,concat,salinity,mechanistic_ratio
S26,8.33764166666666,18.667489998898187,-10.329848332231528,concat,salinity,mechanistic_ratio
S27,11.6123555555556,18.549089413319802,-6.936733857764201,concat,salinity,mechanistic_ratio
S28,4.7573125,18.796463355232973,-14.039150855232972,concat,salinity,mechanistic_ratio
S30,1.22957,18.672652670066253,-17.443082670066254,concat,salinity,mechanistic_ratio
S01,24.0251483870968,18.14709721581392,5.8780511712828805,corrected,salinity,mechanistic_ratio
S02,20.4213806451613,18.30636282378983,2.1150178213714703,corrected,salinity,mechanistic_ratio
S03,99.957735,15.393427420830415,84.56430757916958,corrected,salinity,mechanistic_ratio
S04,3.62585384615385,18.839671585589432,-15.213817739435582,corrected,salinity,mechanistic_ratio
S05,4.43015,18.72304811251906,-14.292898112519058,corrected,salinity,mechanistic_ratio
S06,8.97778333333333,18.682646319230805,-9.704862985897476,corrected,salinity,mechanistic_ratio
S07,16.7150777777778,18.351736361520288,-1.6366585837424878,corrected,salinity,mechanistic_ratio
S08,7.9836,18.432862783047028,-10.449262783047029,corrected,salinity,mechanistic_ratio
S09,2.54056666666667,18.31849625979595,-15.77792959312928,corrected,salinity,mechanistic_ratio
S10,9.16958,18.62671058247987,-9.45713058247987,corrected,salinity,mechanistic_ratio
S11,6.10548461538461,18.771163104251702,-12.665678488867092,corrected,salinity,mechanistic_ratio
S12,3.49926363636364,18.80973196901845,-15.31046833265481,corrected,salinity,mechanistic_ratio
S13,5.6308,18.7717077107732,-13.140907710773199,corrected,salinity,mechanistic_ratio
S14,21.9599818181818,18.158803675304508,3.8011781428772906,corrected,salinity,mechanistic_ratio
S15,0.71624,18.92678942599835,-18.21054942599835,corrected,salinity,mechanistic_ratio
S16,3.32952,18.843814735789245,-15.514294735789244,corrected,salinity,mechanistic_ratio
S17,2.90764444444444,19.002400973745345,-16.094756529300906,corrected,salinity,mechanistic_ratio
S18,3.38784375,18.843316529852054,-15.455472779852053,corrected,salinity,mechanistic_ratio
S19,102.275121428571,15.286565108831288,86.98855631973971,corrected,salinity,mechanistic_ratio
S20,22.9654636363636,18.12505206061585,4.840411575747751,corrected,salinity,mechanistic_ratio
S21,20.3272333333333,18.180594219183927,2.146639114149373,corrected,salinity,mechanistic_ratio
S22,97.8035117647059,15.463587403415035,82.33992436129087,corrected,salinity,mechanistic_ratio
S23,8.98973,18.6340861190499,-9.6443561190499,corrected,salinity,mechanistic_ratio
S24,2.53203,18.86578612681582,-16.33375612681582,corrected,salinity,mechanistic_ratio
S25,4.79285,18.829282197425066,-14.036432197425066,corrected,salinity,mechanistic_ratio
S26,8.33764166666666,18.66084720847874,-10.32320554181208,corrected,salinity,mechanistic_ratio
S27,11.6123555555556,18.54195496565159,-6.929599410095991,corrected,salinity,mechanistic_ratio
S28,4.7573125,18.788127761779105,-14.030815261779104,corrected,salinity,mechanistic_ratio
S30,1.22957,18.601769669155473,-17.372199669155474,corrected,salinity,mechanistic_ratio
S01,24.0251483870968,18.112416655164434,5.9127317319323645,environment_only,salinity,mechanistic_ratio
S02,20.4213806451613,18.257149221356624,2.164231423804676,environment_only,salinity,mechanistic_ratio
S03,99.957735,13.566777641817273,86.39095735818273,environment_only,salinity,mechanistic_ratio
S04,3.62585384615385,18.834490678547215,-15.208636832393365,environment_only,salinity,mechanistic_ratio
S05,4.43015,18.865448870983577,-14.435298870983576,environment_only,salinity,mechanistic_ratio
S06,8.97778333333333,18.67697376729987,-9.69919043396654,environment_only,salinity,mechanistic_ratio
S07,16.7150777777778,18.356676860000228,-1.6415990822224273,environment_only,salinity,mechanistic_ratio
S08,7.9836,18.71758585866002,-10.73398585866002,environment_only,salinity,mechanistic_ratio
S09,2.54056666666667,18.91987539124928,-16.37930872458261,environment_only,salinity,mechanistic_ratio
S10,9.16958,18.63278054027684,-9.46320054027684,environment_only,salinity,mechanistic_ratio
S11,6.10548461538461,18.763919268289886,-12.658434652905276,environment_only,salinity,mechanistic_ratio
S12,3.49926363636364,18.848326696807653,-15.349063060444013,environment_only,salinity,mechanistic_ratio
S13,5.6308,18.765037168015258,-13.134237168015257,environment_only,salinity,mechanistic_ratio
S14,21.9599818181818,18.159513631846306,3.800468186335493,environment_only,salinity,mechanistic_ratio
S15,0.71624,18.940977280715703,-18.224737280715704,environment_only,salinity,mechanistic_ratio
S16,3.32952,18.843113018436316,-15.513593018436316,environment_only,salinity,mechanistic_ratio
S17,2.90764444444444,18.85852449663681,-15.950880052192371,environment_only,salinity,mechanistic_ratio
S18,3.38784375,18.841274546258425,-15.453430796258425,environment_only,salinity,mechanistic_ratio
S19,102.275121428571,15.199554680545305,87.0755667480257,environment_only,salinity,mechanistic_ratio
S20,22.9654636363636,18.124415948967954,4.841047687395648,environment_only,salinity,mechanistic_ratio
S21,20.3272333333333,18.2319716130189,2.095261720314401,environment_only,salinity,mechanistic_ratio
S22,97.8035117647059,15.437668366151378,82.36584339855452,environment_only,salinity,mechanistic_ratio
S23,8.98973,18.639270598290175,-9.649540598290175,environment_only,salinity,mechanistic_ratio
S24,2.53203,18.87266938594873,-16.34063938594873,environment_only,salinity,mechanistic_ratio
S25,4.79285,18.792017115077368,-13.999167115077368,environment_only,salinity,mechanistic_ratio
S26,8.33764166666666,18.662935421637528,-10.325293754970868,environment_only,salinity,mechanistic_ratio
S27,11.6123555555556,18.54461029516048,-6.932254739604881,environment_only,salinity,mechanistic_ratio
S28,4.7573125,18.79189401493896,-14.03458151493896,environment_only,salinity,mechanistic_ratio
S30,1.22957,18.92136966273404,-17.69179966273404,environment_only,salinity,mechanistic_ratio
S01,24.0251483870968,18.111151987030553,5.913996400066246,baseline,,mechanistic_ratio
S02,20.4213806451613,18.239892252191698,2.1814883929696016,baseline,,mechanistic_ratio
S03,99.957735,15.398551721158121,84.55918327884189,baseline,,mechanistic_ratio
S04,3.62585384615385,18.83989223234137,-15.21403838618752,baseline,,mechanistic_ratio
S05,4.43015,18.676059544759525,-14.245909544759524,baseline,,mechanistic_ratio
S06,8.97778333333333,18.648700992882308,-9.670917659548978,baseline,,mechanistic_ratio
S07,16.7150777777778,18.372295461300336,-1.6572176835225356,baseline,,mechanistic_ratio
S08,7.9836,18.43486703626132,-10.45126703626132,baseline,,mechanistic_ratio
S09,2.54056666666667,18.356203231154083,-15.815636564487413,baseline,,mechanistic_ratio
S10,9.16958,18.641849287808096,-9.472269287808096,baseline,,mechanistic_ratio
S11,6.10548461538461,18.75131040754234,-12.645825792157732,baseline,,mechanistic_ratio
S12,3.49926363636364,18.77876767180541,-15.279504035441771,baseline,,mechanistic_ratio
S13,5.6308,18.76826794410648,-13.13746794410648,baseline,,mechanistic_ratio
S14,21.9599818181818,18.18492757711374,3.7750542410680588,baseline,,mechanistic_ratio
S15,0.71624,18.943834685044827,-18.227594685044828,baseline,,mechanistic_ratio
S16,3.32952,18.85047840233399,-15.52095840233399,baseline,,mechanistic_ratio
S17,2.90764444444444,18.985044856657485,-16.077400412213045,baseline,,mechanistic_ratio
S18,3.38784375,18.848394856562486,-15.460551106562486,baseline,,mechanistic_ratio
S19,102.275121428571,15.315765880155272,86.95935554841573,baseline,,mechanistic_ratio
S20,22.9654636363636,18.149007949336088,4.8164556870275135,baseline,,mechanistic_ratio
S21,20.3272333333333,18.17350332150375,2.153730011829552,baseline,,mechanistic_ratio
S22,97.8035117647059,15.475508753460957,82.32800301124495,baseline,,mechanistic_ratio
S23,8.98973,18.648274212594394,-9.658544212594395,baseline,,mechanistic_ratio
S24,2.53203,18.878967772741703,-16.346937772741704,baseline,,mechanistic_ratio
S25,4.79285,18.838722060796005,-14.045872060796006,baseline,,mechanistic_ratio
S26,8.33764166666666,18.671569283462844,-10.333927616796185,baseline,,mechanistic_ratio
S27,11.6123555555556,18.55458407115945,-6.9422285156038495,baseline,,mechanistic_ratio
S28,4.7573125,18.79947223373269,-14.042159733732689,baseline,,mechanistic_ratio
S30,1.22957,18.672898771002686,-17.443328771002687,baseline,,mechanistic_ratio
S01,24.0251483870968,18.548864266673245,5.4762841204235535,concat,pH,mechanistic_ratio
S02,20.4213806451613,18.12561175511376,2.2957688900475404,concat,pH,mechanistic_ratio
S03,99.957735,15.455755017073686,84.50197998292631,concat,pH,mechanistic_ratio
S04,3.62585384615385,18.79104686384255,-15.165193017688699,concat,pH,mechanistic_ratio
S05,4.43015,18.659826444945093,-14.229676444945092,concat,pH,mechanistic_ratio
S06,8.97778333333333,18.676724150098863,-9.698940816765534,concat,pH,mechanistic_ratio
S07,16.7150777777778,18.392493886882168,-1.6774161091043673,concat,pH,mechanistic_ratio
S08,7.9836,18.453687034866515,-10.470087034866516,concat,pH,mechanistic_ratio
S09,2.54056666666667,18.342138138581156,-15.801571471914485,concat,pH,mechanistic_ratio
S10,9.16958,18.701251846434747,-9.531671846434747,concat,pH,mechanistic_ratio
S11,6.10548461538461,18.677641131437735,-12.572156516053125,concat,pH,mechanistic_ratio
S12,3.49926363636364,18.807952321347578,-15.308688684983938,concat,pH,mechanistic_ratio
S13,5.6308,18.65030274566773,-13.01950274566773,concat,pH,mechanistic_ratio
S14,21.9599818181818,18.193884250064443,3.766097568117356,concat,pH,mechanistic_ratio
S15,0.71624,19.15152898995072,-18.43528898995072,concat,pH,mechanistic_ratio
S16,3.32952,18.78448569975228,-15.45496569975228,concat,pH,mechanistic_ratio
S17,2.90764444444444,18.941370886015367,-16.033726441570927,concat,pH,mechanistic_ratio
S18,3.38784375,18.729104959853426,-15.341261209853426,concat,pH,mechanistic_ratio
S19,102.275121428571,10.273288884642994,92.001832543928,concat,pH,mechanistic_ratio
S20,22.9654636363636,18.183831551571682,4.781632084791919,concat,pH,mechanistic_ratio
S21,20.3272333333333,18.25285299132421,2.074380342009089,concat,pH,mechanistic_ratio
S22,97.8035117647059,15.530252841445538,82.27325892326036,concat,pH,mechanistic_ratio
S23,8.98973,18.691834028706925,-9.702104028706925,concat,pH,mechanistic_ratio
S24,2.53203,18.830274400246783,-16.298244400246784,concat,pH,mechanistic_ratio
S25,4.79285,19.066789358896404,-14.273939358896405,concat,pH,mechanistic_ratio
S26,8.33764166666666,18.65827904104989,-10.320637374383232,concat,pH,mechanistic_ratio
S27,11.6123555555556,18.578689610909635,-6.966334055354034,concat,pH,mechanistic_ratio
S28,4.7573125,18.322355560518144,-13.565043060518143,concat,pH,mechanistic_ratio
S30,1.22957,18.628756992003385,-17.399186992003386,concat,pH,mechanistic_ratio
S01,24.0251483870968,18.10179614250214,5.9233522445946605,corrected,pH,mechanistic_ratio
S02,20.4213806451613,18.241909126776466,2.179471518384833,corrected,pH,mechanistic_ratio
S03,99.957735,15.392720764453744,84.56501423554626,corrected,pH,mechanistic_ratio
S04,3.62585384615385,18.84056272216228,-15.214708876008428,corrected,pH,mechanistic_ratio
S05,4.43015,18.698684374880365,-14.268534374880364,corrected,pH,mechanistic_ratio
S06,8.97778333333333,18.647212258614477,-9.669428925281148,corrected,pH,mechanistic_ratio
S07,16.7150777777778,18.371003823602504,-1.6559260458247032,corrected,pH,mechanistic_ratio
S08,7.9836,18.37060622585821,-10.387006225858212,corrected,pH,mechanistic_ratio
S09,2.54056666666667,18.45154591426903,-15.91097924760236,corrected,pH,mechanistic_ratio
S10,9.16958,18.63962890492644,-9.47004890492644,corrected,pH,mechanistic_ratio
S11,6.10548461538461,18.75274380379022,-12.647259188405611,corrected,pH,mechanistic_ratio
S12,3.49926363636364,18.808856837342248,-15.309593200978608,corrected,pH,mechanistic_ratio
S13,5.6308,18.771281140568597,-13.140481140568596,corrected,pH,mechanistic_ratio
S14,21.9599818181818,18.18392495217737,3.776056866004428,corrected,pH,mechanistic_ratio
S15,0.71624,18.939689176861805,-18.223449176861806,corrected,pH,mechanistic_ratio
S16,3.32952,18.85172576922084,-15.522205769220841,corrected,pH,mechanistic_ratio
S17,2.90764444444444,18.911019206585348,-16.003374762140908,corrected,pH,mechanistic_ratio
S18,3.38784375,18.85163520652313,-15.463791456523131,corrected,pH,mechanistic_ratio
S19,102.275121428571,15.313335893147942,86.96178553542306,corrected,pH,mechanistic_ratio
S20,22.9654636363636,18.14734347687296,4.818120159490643,corrected,pH,mechanistic_ratio
S21,20.3272333333333,18.142432716378877,2.1848006169544227,corrected,pH,mechanistic_ratio
S22,97.8035117647059,15.46830632235706,82.33520544234884,corrected,pH,mechanistic_ratio
S23,8.98973,18.64641442495464,-9.656684424954639,corrected,pH,mechanistic_ratio
S24,2.53203,18.879648425698946,-16.347618425698947,corrected,pH,mechanistic_ratio
S25,4.79285,18.7950796673867,-14.002229667386702,corrected,pH,mechanistic_ratio
S26,8.33764166666666,18.67115367775123,-10.333512011084572,corrected,pH,mechanistic_ratio
S27,11.6123555555556,18.553192407513535,-6.940836851957934,corrected,pH,mechanistic_ratio
S28,4.7573125,18.81743559834028,-14.060123098340277,corrected,pH,mechanistic_ratio
S30,1.22957,18.70656399401605,-17.476993994016052,corrected,pH,mechanistic_ratio
S01,24.0251483870968,18.54492357892676,5.480224808170039,environment_only,pH,mechanistic_ratio
S02,20.4213806451613,18.120747682768368,2.300632962392932,environment_only,pH,mechanistic_ratio
S03,99.957735,15.45200614186802,84.50572885813197,environment_only,pH,mechanistic_ratio
S04,3.62585384615385,18.786117810204544,-15.160263964050694,environment_only,pH,mechanistic_ratio
S05,4.43015,18.789394057012178,-14.359244057012177,environment_only,pH,mechanistic_ratio
S06,8.97778333333333,18.671969444017517,-9.694186110684187,environment_only,pH,mechanistic_ratio
S07,16.7150777777778,18.387800841992142,-1.6727230642143418,environment_only,pH,mechanistic_ratio
S08,7.9836,18.699831022944615,-10.716231022944616,environment_only,pH,mechanistic_ratio
S09,2.54056666666667,18.856908939545498,-16.316342272878828,environment_only,pH,mechanistic_ratio
S10,9.16958,18.696545314738238,-9.526965314738238,environment_only,pH,mechanistic_ratio
S11,6.10548461538461,18.6726934107398,-12.56720879535519,environment_only,pH,mechanistic_ratio
S12,3.49926363636364,18.86785656925724,-15.368592932893598,environment_only,pH,mechanistic_ratio
S13,5.6308,18.6452675830084,-13.0144675830084,environment_only,pH,mechanistic_ratio
S14,21.9599818181818,18.189223807153184,3.770758011028615,environment_only,pH,mechanistic_ratio
S15,0.71624,19.146927521480446,-18.430687521480447,environment_only,pH,mechanistic_ratio
S16,3.32952,18.779523371584943,-15.450003371584943,environment_only,pH,mechanistic_ratio
S17,2.90764444444444,18.818839989270817,-15.911195544826377,environment_only,pH,mechanistic_ratio
S18,3.38784375,18.724041051726857,-15.336197301726857,environment_only,pH,mechanistic_ratio
S19,102.275121428571,8.643289419603366,93.63183200896763,environment_only,pH,mechanistic_ratio
S20,22.9654636363636,18.179220347611036,4.786243288752566,environment_only,pH,mechanistic_ratio
S21,20.3272333333333,18.318727989415752,2.008505343917548,environment_only,pH,mechanistic_ratio
S22,97.8035117647059,15.526517926032968,82.27699383867294,environment_only,pH,mechanistic_ratio
S23,8.98973,18.687102589169626,-9.697372589169627,environment_only,pH,mechanistic_ratio
S24,2.53203,18.825334807770158,-16.29330480777016,environment_only,pH,mechanistic_ratio
S25,4.79285,19.022625158903974,-14.229775158903974,environment_only,pH,mechanistic_ratio
S26,8.33764166666666,18.65345441971757,-10.31581275305091,environment_only,pH,mechanistic_ratio
S27,11.6123555555556,18.573954033529006,-6.961598477973405,environment_only,pH,mechanistic_ratio
S28,4.7573125,18.31634665971841,-13.559034159718408,environment_only,pH,mechanistic_ratio
S30,1.22957,18.87547692341461,-17.64590692341461,environment_only,pH,mechanistic_ratio
S01,24.0251483870968,18.111151987030553,5.913996400066246,baseline,,mechanistic_ratio
S02,20.4213806451613,18.239892252191698,2.1814883929696016,baseline,,mechanistic_ratio
S03,99.957735,15.398551721158121,84.55918327884189,baseline,,mechanistic_ratio
S04,3.62585384615385,18.83989223234137,-15.21403838618752,baseline,,mechanistic_ratio
S05,4.43015,18.676059544759525,-14.245909544759524,baseline,,mechanistic_ratio
S06,8.97778333333333,18.648700992882308,-9.670917659548978,baseline,,mechanistic_ratio
S07,16.7150777777778,18.372295461300336,-1.6572176835225356,baseline,,mechanistic_ratio
S08,7.9836,18.43486703626132,-10.45126703626132,baseline,,mechanistic_ratio
S09,2.54056666666667,18.356203231154083,-15.815636564487413,baseline,,mechanistic_ratio
S10,9.16958,18.641849287808096,-9.472269287808096,baseline,,mechanistic_ratio
S11,6.10548461538461,18.75131040754234,-12.645825792157732,baseline,,mechanistic_ratio
S12,3.49926363636364,18.77876767180541,-15.279504035441771,baseline,,mechanistic_ratio
S13,5.6308,18.76826794410648,-13.13746794410648,baseline,,mechanistic_ratio
S14,21.9599818181818,18.18492757711374,3.7750542410680588,baseline,,mechanistic_ratio
S15,0.71624,18.943834685044827,-18.227594685044828,baseline,,mechanistic_ratio
S16,3.32952,18.85047840233399,-15.52095840233399,baseline,,mechanistic_ratio
S17,2.90764444444444,18.985044856657485,-16.077400412213045,baseline,,mechanistic_ratio
S18,3.38784375,18.848394856562486,-15.460551106562486,baseline,,mechanistic_ratio
S19,102.275121428571,15.315765880155272,86.95935554841573,baseline,,mechanistic_ratio
S20,22.9654636363636,18.149007949336088,4.8164556870275135,baseline,,mechanistic_ratio
S21,20.3272333333333,18.17350332150375,2.153730011829552,baseline,,mechanistic_ratio
S22,97.8035117647059,15.475508753460957,82.32800301124495,baseline,,mechanistic_ratio
S23,8.98973,18.648274212594394,-9.658544212594395,baseline,,mechanistic_ratio
S24,2.53203,18.878967772741703,-16.346937772741704,baseline,,mechanistic_ratio
S25,4.79285,18.838722060796005,-14.045872060796006,baseline,,mechanistic_ratio
S26,8.33764166666666,18.671569283462844,-10.333927616796185,baseline,,mechanistic_ratio
S27,11.6123555555556,18.55458407115945,-6.9422285156038495,baseline,,mechanistic_ratio
S28,4.7573125,18.79947223373269,-14.042159733732689,baseline,,mechanistic_ratio
S30,1.22957,18.672898771002686,-17.443328771002687,baseline,,mechanistic_ratio
S01,24.0251483870968,18.21637489044682,5.80877349664998,concat,temperature,mechanistic_ratio
S02,20.4213806451613,18.35123093403515,2.070149711126149,concat,temperature,mechanistic_ratio
S03,99.957735,15.470894075405623,84.48684092459438,concat,temperature,mechanistic_ratio
S04,3.62585384615385,18.890213865455582,-15.264360019301732,concat,temperature,mechanistic_ratio
S05,4.43015,18.49504816185135,-14.06489816185135,concat,temperature,mechanistic_ratio
S06,8.97778333333333,18.5093774768113,-9.53159414347797,concat,temperature,mechanistic_ratio
S07,16.7150777777778,18.331671203476276,-1.6165934256984755,concat,temperature,mechanistic_ratio
S08,7.9836,18.347693921736326,-10.364093921736327,concat,temperature,mechanistic_ratio
S09,2.54056666666667,18.25990713066506,-15.719340463998389,concat,temperature,mechanistic_ratio
S10,9.16958,18.713788506025093,-9.544208506025093,concat,temperature,mechanistic_ratio
S11,6.10548461538461,18.50538186276311,-12.3998972473785,concat,temperature,mechanistic_ratio
S12,3.49926363636364,18.98503581165394,-15.4857721752903,concat,temperature,mechanistic_ratio
S13,5.6308,18.564230133035906,-12.933430133035905,concat,temperature,mechanistic_ratio
S14,21.9599818181818,18.18683768953243,3.773144128649367,concat,temperature,mechanistic_ratio
S15,0.71624,18.838340244327036,-18.122100244327036,concat,temperature,mechanistic_ratio
S16,3.32952,18.868453999256182,-15.538933999256182,concat,temperature,mechanistic_ratio
S17,2.90764444444444,18.824099073817155,-15.916454629372716,concat,temperature,mechanistic_ratio
S18,3.38784375,18.696168509261923,-15.308324759261923,concat,temperature,mechanistic_ratio
S19,102.275121428571,12.31405596024628,89.96106546832472,concat,temperature,mechanistic_ratio
S20,22.9654636363636,18.021565408702216,4.943898227661386,concat,temperature,mechanistic_ratio
S21,20.3272333333333,18.051772275048222,2.275461058285078,concat,temperature,mechanistic_ratio
S22,97.8035117647059,15.487142242094006,82.3163695226119,concat,temperature,mechanistic_ratio
S23,8.98973,19.06060262984162,-10.070872629841618,concat,temperature,mechanistic_ratio
S24,2.53203,18.946733062459494,-16.414703062459495,concat,temperature,mechanistic_ratio
S25,4.79285,19.187140999223388,-14.394290999223388,concat,temperature,mechanistic_ratio
S26,8.33764166666666,18.71527543229543,-10.377633765628772,concat,temperature,mechanistic_ratio
S27,11.6123555555556,18.584317206329438,-6.971961650773837,concat,temperature,mechanistic_ratio
S28,4.7573125,18.855946907423068,-14.098634407423067,concat,temperature,mechanistic_ratio
S30,1.22957,18.86910114438091,-17.63953114438091,concat,temperature,mechanistic_ratio
S01,24.0251483870968,18.106228018403325,5.918920368693474,corrected,temperature,mechanistic_ratio
S02,20.4213806451613,18.23480823041773,2.1865724147435692,corrected,temperature,mechanistic_ratio
S03,99.957735,15.393230880770238,84.56450411922977,corrected,temperature,mechanistic_ratio
S04,3.62585384615385,18.836656890915236,-15.210803044761386,corrected,temperature,mechanistic_ratio
S05,4.43015,18.68874087032669,-14.258590870326689,corrected,temperature,mechanistic_ratio
S06,8.97778333333333,18.651900996013556,-9.674117662680226,corrected,temperature,mechanistic_ratio
S07,16.7150777777778,18.371917722566465,-1.6568399447886648,corrected,temperature,mechanistic_ratio
S08,7.9836,18.41012573170109,-10.42652573170109,corrected,temperature,mechanistic_ratio
S09,2.54056666666667,18.37608171810419,-15.835515051437518,corrected,temperature,mechanistic_ratio
S10,9.16958,18.63798009521323,-9.46840009521323,corrected,temperature,mechanistic_ratio
S11,6.10548461538461,18.759174016143028,-12.653689400758418,corrected,temperature,mechanistic_ratio
S12,3.49926363636364,18.81838295806567,-15.31911932170203,corrected,temperature,mechanistic_ratio
S13,5.6308,18.774419807914487,-13.143619807914487,corrected,temperature,mechanistic_ratio
S14,21.9599818181818,18.183221133560284,3.7767606846215145,corrected,temperature,mechanistic_ratio
S15,0.71624,18.946193896708667,-18.22995389670867,corrected,temperature,mechanistic_ratio
S16,3.32952,18.84824593352991,-15.51872593352991,corrected,temperature,mechanistic_ratio
S17,2.90764444444444,18.861034281947227,-15.953389837502787,corrected,temperature,mechanistic_ratio
S18,3.38784375,18.852587665781137,-15.464743915781137,corrected,temperature,mechanistic_ratio
S19,102.275121428571,15.315345196507108,86.95977623206389,corrected,temperature,mechanistic_ratio
S20,22.9654636363636,18.151016776053282,4.814446860310319,corrected,temperature,mechanistic_ratio
S21,20.3272333333333,18.118623217359588,2.2086101159737126,corrected,temperature,mechanistic_ratio
S22,97.8035117647059,15.46304229636418,82.34046946834172,corrected,temperature,mechanistic_ratio
S23,8.98973,18.636516698237248,-9.646786698237248,corrected,temperature,mechanistic_ratio
S24,2.53203,18.875215116831647,-16.34318511683165,corrected,temperature,mechanistic_ratio
S25,4.79285,18.99086455709493,-14.19801455709493,corrected,temperature,mechanistic_ratio
S26,8.33764166666666,18.668545731326088,-10.330904064659428,corrected,temperature,mechanistic_ratio
S27,11.6123555555556,18.55199969170465,-6.939644136149051,corrected,temperature,mechanistic_ratio
S28,4.7573125,18.796055093924963,-14.038742593924962,corrected,temperature,mechanistic_ratio
S30,1.22957,18.752239215223703,-17.522669215223704,corrected,temperature,mechanistic_ratio
S01,24.0251483870968,18.211876614296084,5.813271772800714,environment_only,temperature,mechanistic_ratio
S02,20.4213806451613,18.346705261235325,2.0746753839259746,environment_only,temperature,mechanistic_ratio
S03,99.957735,15.46711492353433,84.49062007646567,environment_only,temperature,mechanistic_ratio
S04,3.62585384615385,18.885453261079928,-15.259599414926077,environment_only,temperature,mechanistic_ratio
S05,4.43015,18.624886283058476,-14.194736283058475,environment_only,temperature,mechanistic_ratio
S06,8.97778333333333,18.50440929211141,-9.526625958778082,environment_only,temperature,mechanistic_ratio
S07,16.7150777777778,18.326919388133465,-1.6118416103556648,environment_only,temperature,mechanistic_ratio
S08,7.9836,18.592796104258465,-10.609196104258466,environment_only,temperature,mechanistic_ratio
S09,2.54056666666667,18.776941758583153,-16.236375091916482,environment_only,temperature,mechanistic_ratio
S10,9.16958,18.7091066865816,-9.539526686581599,environment_only,temperature,mechanistic_ratio
S11,6.10548461538461,18.5001989930303,-12.39471437764569,environment_only,temperature,mechanistic_ratio
S12,3.49926363636364,19.04479772658175,-15.545534090218109,environment_only,temperature,mechanistic_ratio
S13,5.6308,18.55911478469764,-12.92831478469764,environment_only,temperature,mechanistic_ratio
S14,21.9599818181818,18.1821898918807,3.7777919263010986,environment_only,temperature,mechanistic_ratio
S15,0.71624,18.833332675835653,-18.117092675835654,environment_only,temperature,mechanistic_ratio
S16,3.32952,18.863650016836754,-15.534130016836754,environment_only,temperature,mechanistic_ratio
S17,2.90764444444444,18.702862852969623,-15.795218408525184,environment_only,temperature,mechanistic_ratio
S18,3.38784375,18.6911133630713,-15.303269613071299,environment_only,temperature,mechanistic_ratio
S19,102.275121428571,11.002070851688803,91.2730505768822,environment_only,temperature,mechanistic_ratio
S20,22.9654636363636,18.01676872536343,4.948694911000171,environment_only,temperature,mechanistic_ratio
S21,20.3272333333333,18.118184583700028,2.209048749633272,environment_only,temperature,mechanistic_ratio
S22,97.8035117647059,15.483510617232424,82.32000114747348,environment_only,temperature,mechanistic_ratio
S23,8.98973,19.05628723325814,-10.06655723325814,environment_only,temperature,mechanistic_ratio
S24,2.53203,18.941983257246385,-16.409953257246386,environment_only,temperature,mechanistic_ratio
S25,4.79285,19.138146131533464,-14.345296131533464,environment_only,temperature,mechanistic_ratio
S26,8.33764166666666,18.71055116349023,-10.37290949682357,environment_only,temperature,mechanistic_ratio
S27,11.6123555555556,18.579606400179394,-6.967250844623793,environment_only,temperature,mechanistic_ratio
S28,4.7573125,18.851204522295866,-14.093892022295865,environment_only,temperature,mechanistic_ratio
S30,1.22957,19.114792424060056,-17.885222424060057,environment_only,temperature,mechanistic_ratio
S01,24.0251483870968,18.111151987030553,5.913996400066246,baseline,,mechanistic_ratio
S02,20.4213806451613,18.239892252191698,2.1814883929696016,baseline,,mechanistic_ratio
S03,99.957735,15.398551721158121,84.55918327884189,baseline,,mechanistic_ratio
S04,3.62585384615385,18.83989223234137,-15.21403838618752,baseline,,mechanistic_ratio
S05,4.43015,18.676059544759525,-14.245909544759524,baseline,,mechanistic_ratio
S06,8.97778333333333,18.648700992882308,-9.670917659548978,baseline,,mechanistic_ratio
S07,16.7150777777778,18.372295461300336,-1.6572176835225356,baseline,,mechanistic_ratio
S08,7.9836,18.43486703626132,-10.45126703626132,baseline,,mechanistic_ratio
S09,2.54056666666667,18.356203231154083,-15.815636564487413,baseline,,mechanistic_ratio
S10,9.16958,18.641849287808096,-9.472269287808096,baseline,,mechanistic_ratio
S11,6.10548461538461,18.75131040754234,-12.645825792157732,baseline,,mechanistic_ratio
S12,3.49926363636364,18.77876767180541,-15.279504035441771,baseline,,mechanistic_ratio
S13,5.6308,18.76826794410648,-13.13746794410648,baseline,,mechanistic_ratio
S14,21.9599818181818,18.18492757711374,3.7750542410680588,baseline,,mechanistic_ratio
S15,0.71624,18.943834685044827,-18.227594685044828,baseline,,mechanistic_ratio
S16,3.32952,18.85047840233399,-15.52095840233399,baseline,,mechanistic_ratio
S17,2.90764444444444,18.985044856657485,-16.077400412213045,baseline,,mechanistic_ratio
S18,3.38784375,18.848394856562486,-15.460551106562486,baseline,,mechanistic_ratio
S19,102.275121428571,15.315765880155272,86.95935554841573,baseline,,mechanistic_ratio
S20,22.9654636363636,18.149007949336088,4.8164556870275135,baseline,,mechanistic_ratio
S21,20.3272333333333,18.17350332150375,2.153730011829552,baseline,,mechanistic_ratio
S22,97.8035117647059,15.475508753460957,82.32800301124495,baseline,,mechanistic_ratio
S23,8.98973,18.648274212594394,-9.658544212594395,baseline,,mechanistic_ratio
S24,2.53203,18.878967772741703,-16.346937772741704,baseline,,mechanistic_ratio
S25,4.79285,18.838722060796005,-14.045872060796006,baseline,,mechanistic_ratio
S26,8.33764166666666,18.671569283462844,-10.333927616796185,baseline,,mechanistic_ratio
S27,11.6123555555556,18.55458407115945,-6.9422285156038495,baseline,,mechanistic_ratio
S28,4.7573125,18.79947223373269,-14.042159733732689,baseline,,mechanistic_ratio
S30,1.22957,18.672898771002686,-17.443328771002687,baseline,,mechanistic_ratio
S01,24.0251483870968,12.191506169929355,11.833642217167444,concat,DO,mechanistic_ratio
S02,20.4213806451613,13.37226635720852,7.049114287952779,concat,DO,mechanistic_ratio
S03,99.957735,49.93327057373033,50.02446442626967,concat,DO,mechanistic_ratio
S04,3.62585384615385,-1.9842028454776504,5.610056691631501,concat,DO,mechanistic_ratio
S05,4.43015,9.98450537740441,-5.55435537740441,concat,DO,mechanistic_ratio
S06,8.97778333333333,14.250495042014151,-5.272711708680822,concat,DO,mechanistic_ratio
S07,16.7150777777778,27.703540375716194,-10.988462597938394,concat,DO,mechanistic_ratio
S08,7.9836,10.87967563594688,-2.89607563594688,concat,DO,mechanistic_ratio
S09,2.54056666666667,12.789578662993819,-10.249011996327148,concat,DO,mechanistic_ratio
S10,9.16958,22.47290274593111,-13.303322745931109,concat,DO,mechanistic_ratio
S11,6.10548461538461,14.651754009986526,-8.546269394601916,concat,DO,mechanistic_ratio
S12,3.49926363636364,31.286607555552067,-27.787343919188427,concat,DO,mechanistic_ratio
S13,5.6308,-15.400554100155546,21.031354100155546,concat,DO,mechanistic_ratio
S14,21.9599818181818,-8.970848607980624,30.930830426162423,concat,DO,mechanistic_ratio
S15,0.71624,17.917754125126688,-17.20151412512669,concat,DO,mechanistic_ratio
S16,3.32952,-3.223385342283013,6.5529053422830135,concat,DO,mechanistic_ratio
S17,2.90764444444444,17.299256075684735,-14.391611631240295,concat,DO,mechanistic_ratio
S18,3.38784375,11.25250772340974,-7.8646639734097405,concat,DO,mechanistic_ratio
S19,102.275121428571,21.495936317675195,80.77918511089581,concat,DO,mechanistic_ratio
S20,22.9654636363636,49.718184610964244,-26.752720974600642,concat,DO,mechanistic_ratio
S21,20.3272333333333,20.233637007663745,0.09359632566955511,concat,DO,mechanistic_ratio
S22,97.8035117647059,48.019973711455904,49.78353805325,concat,DO,mechanistic_ratio
S23,8.98973,27.128321732487723,-18.138591732487725,concat,DO,mechanistic_ratio
S24,2.53203,17.267018087581324,-14.734988087581325,concat,DO,mechanistic_ratio
S25,4.79285,11.58799471487335,-6.79514471487335,concat,DO,mechanistic_ratio
S26,8.33764166666666,14.860406108316685,-6.5227644416500254,concat,DO,mechanistic_ratio
S27,11.6123555555556,15.031147982330664,-3.418792426775063,concat,DO,mechanistic_ratio
S28,4.7573125,8.845738433820646,-4.088425933820646,concat,DO,mechanistic_ratio
S30,1.22957,-11.129332922952571,12.358902922952572,concat,DO,mechanistic_ratio
S01,24.0251483870968,18.1047284488069,5.9204199382899,corrected,DO,mechanistic_ratio
S02,20.4213806451613,18.254063571068176,2.1673170740931234,corrected,DO,mechanistic_ratio
S03,99.957735,17.42796289736026,82.52977210263974,corrected,DO,mechanistic_ratio
S04,3.62585384615385,18.531096081117123,-14.905242234963273,corrected,DO,mechanistic_ratio
S05,4.43015,14.601757045164291,-10.17160704516429,corrected,DO,mechanistic_ratio
S06,8.97778333333333,18.672392267362998,-9.694608934029668,corrected,DO,mechanistic_ratio
S07,16.7150777777778,18.669530683618046,-1.9544529058402453,corrected,DO,mechanistic_ratio
S08,7.9836,18.160334239673027,-10.176734239673028,corrected,DO,mechanistic_ratio
S09,2.54056666666667,18.279857332943216,-15.739290666276545,corrected,DO,mechanistic_ratio
S10,9.16958,18.828957812382335,-9.659377812382335,corrected,DO,mechanistic_ratio
S11,6.10548461538461,18.78100333376773,-12.675518718383119,corrected,DO,mechanistic_ratio
S12,3.49926363636364,18.881023151075276,-15.381759514711636,corrected,DO,mechanistic_ratio
S13,5.6308,18.16895627528462,-12.53815627528462,corrected,DO,mechanistic_ratio
S14,21.9599818181818,17.753643870110132,4.206337948071667,corrected,DO,mechanistic_ratio
S15,0.71624,19.03491985270189,-18.31867985270189,corrected,DO,mechanistic_ratio
S16,3.32952,18.515235808320565,-15.185715808320564,corrected,DO,mechanistic_ratio
S17,2.90764444444444,19.15027464596731,-16.24263020152287,corrected,DO,mechanistic_ratio
S18,3.38784375,18.808634170249082,-15.420790420249082,corrected,DO,mechanistic_ratio
S19,102.275121428571,15.532801197413242,86.74232023115775,corrected,DO,mechanistic_ratio
S20,22.9654636363636,18.94074106125138,4.0247225751122215,corrected,DO,mechanistic_ratio
S21,20.3272333333333,18.37829885793856,1.94893447539474,corrected,DO,mechanistic_ratio
S22,97.8035117647059,16.531513096960992,81.27199866774491,corrected,DO,mechanistic_ratio
S23,8.98973,18.929323297856048,-9.939593297856048,corrected,DO,mechanistic_ratio
S24,2.53203,18.95824793093957,-16.426217930939572,corrected,DO,mechanistic_ratio
S25,4.79285,19.125865992701723,-14.333015992701723,corrected,DO,mechanistic_ratio
S26,8.33764166666666,18.706893112781206,-10.369251446114546,corrected,DO,mechanistic_ratio
S27,11.6123555555556,18.595459054747824,-6.983103499192223,corrected,DO,mechanistic_ratio
S28,4.7573125,18.71274441975917,-13.955431919759167,corrected,DO,mechanistic_ratio
S30,1.22957,9.038709860760346,-7.809139860760346,corrected,DO,mechanistic_ratio
S01,24.0251483870968,11.853744976352376,12.171403410744423,environment_only,DO,mechanistic_ratio
S02,20.4213806451613,13.048930017115389,7.372450628045911,environment_only,DO,mechanistic_ratio
S03,99.957735,55.0523345841942,44.9054004158058,environment_only,DO,mechanistic_ratio
S04,3.62585384615385,-2.505860267481193,6.131714113635043,environment_only,DO,mechanistic_ratio
S05,4.43015,18.996249646890877,-14.566099646890876,environment_only,DO,mechanistic_ratio
S06,8.97778333333333,13.931877891369576,-4.954094558036246,environment_only,DO,mechanistic_ratio
S07,16.7150777777778,27.569529925362655,-10.854452147584855,environment_only,DO,mechanistic_ratio
S08,7.9836,15.897946162056735,-7.914346162056735,environment_only,DO,mechanistic_ratio
S09,2.54056666666667,35.101862823571395,-32.561296156904724,environment_only,DO,mechanistic_ratio
S10,9.16958,22.265775268369215,-13.096195268369215,environment_only,DO,mechanistic_ratio
S11,6.10548461538461,14.336716186448745,-8.231231571064136,environment_only,DO,mechanistic_ratio
S12,3.49926363636364,33.402861239716316,-29.903597603352676,environment_only,DO,mechanistic_ratio
S13,5.6308,-16.03022559559096,21.66102559559096,environment_only,DO,mechanistic_ratio
S14,21.9599818181818,-9.578910654996026,31.538892473177825,environment_only,DO,mechanistic_ratio
S15,0.71624,17.642970507570148,-16.92673050757015,environment_only,DO,mechanistic_ratio
S16,3.32952,-3.757362822680747,7.086882822680748,environment_only,DO,mechanistic_ratio
S17,2.90764444444444,8.239716055974638,-5.332071611530198,environment_only,DO,mechanistic_ratio
S18,3.38784375,10.89023173276752,-7.5023879827675195,environment_only,DO,mechanistic_ratio
S19,102.275121428571,21.179554708241533,81.09556672032946,environment_only,DO,mechanistic_ratio
S20,22.9654636363636,49.76074679081089,-26.79528315444729,environment_only,DO,mechanistic_ratio
S21,20.3272333333333,16.641469038094442,3.685764295238858,environment_only,DO,mechanistic_ratio
S22,97.8035117647059,52.357397781363716,45.44611398334219,environment_only,DO,mechanistic_ratio
S23,8.98973,26.98075987164077,-17.99102987164077,environment_only,DO,mechanistic_ratio
S24,2.53203,16.984843561393202,-14.452813561393203,environment_only,DO,mechanistic_ratio
S25,4.79285,1.3252185259841838,3.467631474015816,environment_only,DO,mechanistic_ratio
S26,8.33764166666666,14.54969632777107,-6.2120546611044105,environment_only,DO,mechanistic_ratio
S27,11.6123555555556,14.725008291239794,-3.1126527356841933,environment_only,DO,mechanistic_ratio
S28,4.7573125,8.45243771652892,-3.6951252165289192,environment_only,DO,mechanistic_ratio
S30,1.22957,5.935681543091375,-4.706111543091375,environment_only,DO,mechanistic_ratio
S01,24.0251483870968,18.111151987030553,5.913996400066246,baseline,,mechanistic_ratio
S02,20.4213806451613,18.239892252191698,2.1814883929696016,baseline,,mechanistic_ratio
S03,99.957735,15.398551721158121,84.55918327884189,baseline,,mechanistic_ratio
S04,3.62585384615385,18.83989223234137,-15.21403838618752,baseline,,mechanistic_ratio
S05,4.43015,18.676059544759525,-14.245909544759524,baseline,,mechanistic_ratio
S06,8.97778333333333,18.648700992882308,-9.670917659548978,baseline,,mechanistic_ratio
S07,16.7150777777778,18.372295461300336,-1.6572176835225356,baseline,,mechanistic_ratio
S08,7.9836,18.43486703626132,-10.45126703626132,baseline,,mechanistic_ratio
S09,2.54056666666667,18.356203231154083,-15.815636564487413,baseline,,mechanistic_ratio
S10,9.16958,18.641849287808096,-9.472269287808096,baseline,,mechanistic_ratio
S11,6.10548461538461,18.75131040754234,-12.645825792157732,baseline,,mechanistic_ratio
S12,3.49926363636364,18.77876767180541,-15.279504035441771,baseline,,mechanistic_ratio
S13,5.6308,18.76826794410648,-13.13746794410648,baseline,,mechanistic_ratio
S14,21.9599818181818,18.18492757711374,3.7750542410680588,baseline,,mechanistic_ratio
S15,0.71624,18.943834685044827,-18.227594685044828,baseline,,mechanistic_ratio
S16,3.32952,18.85047840233399,-15.52095840233399,baseline,,mechanistic_ratio
S17,2.90764444444444,18.985044856657485,-16.077400412213045,baseline,,mechanistic_ratio
S18,3.38784375,18.848394856562486,-15.460551106562486,baseline,,mechanistic_ratio
S19,102.275121428571,15.315765880155272,86.95935554841573,baseline,,mechanistic_ratio
S20,22.9654636363636,18.149007949336088,4.8164556870275135,baseline,,mechanistic_ratio
S21,20.3272333333333,18.17350332150375,2.153730011829552,baseline,,mechanistic_ratio
S22,97.8035117647059,15.475508753460957,82.32800301124495,baseline,,mechanistic_ratio
S23,8.98973,18.648274212594394,-9.658544212594395,baseline,,mechanistic_ratio
S24,2.53203,18.878967772741703,-16.346937772741704,baseline,,mechanistic_ratio
S25,4.79285,18.838722060796005,-14.045872060796006,baseline,,mechanistic_ratio
S26,8.33764166666666,18.671569283462844,-10.333927616796185,baseline,,mechanistic_ratio
S27,11.6123555555556,18.55458407115945,-6.9422285156038495,baseline,,mechanistic_ratio
S28,4.7573125,18.79947223373269,-14.042159733732689,baseline,,mechanistic_ratio
S30,1.22957,18.672898771002686,-17.443328771002687,baseline,,mechanistic_ratio
S01,24.0251483870968,18.514118906515293,5.511029480581506,concat,ORP,mechanistic_ratio
S02,20.4213806451613,17.963245690126584,2.4581349550347156,concat,ORP,mechanistic_ratio
S03,99.957735,15.6521771735957,84.3055578264043,concat,ORP,mechanistic_ratio
S04,3.62585384615385,18.47254278110252,-14.846688934948668,concat,ORP,mechanistic_ratio
S05,4.43015,17.30311109772274,-12.87296109772274,concat,ORP,mechanistic_ratio
S06,8.97778333333333,19.635852245153547,-10.658068911820218,concat,ORP,mechanistic_ratio
S07,16.7150777777778,18.976140317045854,-2.2610625392680532,concat,ORP,mechanistic_ratio
S08,7.9836,17.98911645849065,-10.00551645849065,concat,ORP,mechanistic_ratio
S09,2.54056666666667,15.027962877757558,-12.487396211090887,concat,ORP,mechanistic_ratio
S10,9.16958,19.793569931105996,-10.623989931105996,concat,ORP,mechanistic_ratio
S11,6.10548461538461,17.905737445123915,-11.800252829739305,concat,ORP,mechanistic_ratio
S12,3.49926363636364,20.01650562183228,-16.51724198546864,concat,ORP,mechanistic_ratio
S13,5.6308,17.85430527351836,-12.22350527351836,concat,ORP,mechanistic_ratio
S14,21.9599818181818,18.783855735375965,3.1761260828058333,concat,ORP,mechanistic_ratio
S15,0.71624,18.522677493713772,-17.806437493713773,concat,ORP,mechanistic_ratio
S16,3.32952,18.40334270557233,-15.073822705572331,concat,ORP,mechanistic_ratio
S17,2.90764444444444,19.27378189234531,-16.36613744790087,concat,ORP,mechanistic_ratio
S18,3.38784375,18.3531450324801,-14.9653012824801,concat,ORP,mechanistic_ratio
S19,102.275121428571,2.777657811495219,99.49746361707578,concat,ORP,mechanistic_ratio
S20,22.9654636363636,20.091550330577363,2.873913305786239,concat,ORP,mechanistic_ratio
S21,20.3272333333333,19.08417244174022,1.2430608915930819,concat,ORP,mechanistic_ratio
S22,97.8035117647059,15.743907156100112,82.0596046086058,concat,ORP,mechanistic_ratio
S23,8.98973,20.307977834271732,-11.318247834271732,concat,ORP,mechanistic_ratio
S24,2.53203,18.60709176364429,-16.075061763644293,concat,ORP,mechanistic_ratio
S25,4.79285,18.273487082030435,-13.480637082030436,concat,ORP,mechanistic_ratio
S26,8.33764166666666,18.883131507617833,-10.545489840951173,concat,ORP,mechanistic_ratio
S27,11.6123555555556,19.70130753893237,-8.088951983376768,concat,ORP,mechanistic_ratio
S28,4.7573125,17.78518327740544,-13.02787077740544,concat,ORP,mechanistic_ratio
S30,1.22957,15.48656040799002,-14.256990407990019,concat,ORP,mechanistic_ratio
S01,24.0251483870968,18.11471932079364,5.910429066303159,corrected,ORP,mechanistic_ratio
S02,20.4213806451613,18.23994286572306,2.181437779438241,corrected,ORP,mechanistic_ratio
S03,99.957735,15.410196173776582,84.54753882622342,corrected,ORP,mechanistic_ratio
S04,3.62585384615385,18.839406001151016,-15.213552154997165,corrected,ORP,mechanistic_ratio
S05,4.43015,15.8306596002572,-11.400509600257198,corrected,ORP,mechanistic_ratio
S06,8.97778333333333,18.6534084119235,-9.675625078590171,corrected,ORP,mechanistic_ratio
S07,16.7150777777778,18.37695318883492,-1.661875411057121,corrected,ORP,mechanistic_ratio
S08,7.9836,18.444065529054054,-10.460465529054055,corrected,ORP,mechanistic_ratio
S09,2.54056666666667,18.139627465454684,-15.599060798788013,corrected,ORP,mechanistic_ratio
S10,9.16958,18.647108810556208,-9.477528810556208,corrected,ORP,mechanistic_ratio
S11,6.10548461538461,18.748330785494787,-12.642846170110177,corrected,ORP,mechanistic_ratio
S12,3.49926363636364,18.189420183070037,-14.690156546706397,corrected,ORP,mechanistic_ratio
S13,5.6308,18.761680077857978,-13.130880077857977,corrected,ORP,mechanistic_ratio
S14,21.9599818181818,18.18955162011096,3.7704301980708372,corrected,ORP,mechanistic_ratio
S15,0.71624,18.93388126465581,-18.21764126465581,corrected,ORP,mechanistic_ratio
S16,3.32952,18.847989636945304,-15.518469636945303,corrected,ORP,mechanistic_ratio
S17,2.90764444444444,18.969203307908963,-16.061558863464523,corrected,ORP,mechanistic_ratio
S18,3.38784375,18.842333075311178,-15.454489325311178,corrected,ORP,mechanistic_ratio
S19,102.275121428571,15.307474121049696,86.9676473075213,corrected,ORP,mechanistic_ratio
S20,22.9654636363636,18.161485953439595,4.803977682924007,corrected,ORP,mechanistic_ratio
S21,20.3272333333333,18.22452693537402,2.102706397959281,corrected,ORP,mechanistic_ratio
S22,97.8035117647059,15.489839834293228,82.31367193041268,corrected,ORP,mechanistic_ratio
S23,8.98973,18.655258227623214,-9.665528227623215,corrected,ORP,mechanistic_ratio
S24,2.53203,18.87898230863911,-16.34695230863911,corrected,ORP,mechanistic_ratio
S25,4.79285,18.753483832112828,-13.960633832112828,corrected,ORP,mechanistic_ratio
S26,8.33764166666666,18.674143764984088,-10.336502098317428,corrected,ORP,mechanistic_ratio
S27,11.6123555555556,18.559824443204807,-6.947468887649206,corrected,ORP,mechanistic_ratio
S28,4.7573125,18.77177992060405,-14.01446742060405,corrected,ORP,mechanistic_ratio
S30,1.22957,13.338970574596305,-12.109400574596304,corrected,ORP,mechanistic_ratio
S01,24.0251483870968,19.042491851008684,4.982656536088115,environment_only,ORP,mechanistic_ratio
S02,20.4213806451613,17.514351046973978,2.9070295981873215,environment_only,ORP,mechanistic_ratio
S03,99.957735,15.647972529019336,84.30976247098066,environment_only,ORP,mechanistic_ratio
S04,3.62585384615385,17.891692250844965,-14.265838404691115,environment_only,ORP,mechanistic_ratio
S05,4.43015,19.03572856455974,-14.605578564559739,environment_only,ORP,mechanistic_ratio
S06,8.97778333333333,20.085756970132987,-11.107973636799658,environment_only,ORP,mechanistic_ratio
S07,16.7150777777778,19.79246804242949,-3.07739026465169,environment_only,ORP,mechanistic_ratio
S08,7.9836,20.123442360790875,-12.139842360790876,environment_only,ORP,mechanistic_ratio
S09,2.54056666666667,20.078520820297793,-17.537954153631123,environment_only,ORP,mechanistic_ratio
S10,9.16958,20.327950215291946,-11.158370215291946,environment_only,ORP,mechanistic_ratio
S11,6.10548461538461,16.637776317694897,-10.532291702310287,environment_only,ORP,mechanistic_ratio
S12,3.49926363636364,21.066948030381514,-17.567684394017874,environment_only,ORP,mechanistic_ratio
S13,5.6308,16.28300402643555,-10.652204026435548,environment_only,ORP,mechanistic_ratio
S14,21.9599818181818,19.593655357586883,2.366326460594916,environment_only,ORP,mechanistic_ratio
S15,0.71624,16.836380617337312,-16.120140617337313,environment_only,ORP,mechanistic_ratio
S16,3.32952,16.98110035944614,-13.651580359446138,environment_only,ORP,mechanistic_ratio
S17,2.90764444444444,18.38252618649998,-15.47488174205554,environment_only,ORP,mechanistic_ratio
S18,3.38784375,16.544456054644602,-13.156612304644602,environment_only,ORP,mechanistic_ratio
S19,102.275121428571,0.22361039041551756,102.05151103815548,environment_only,ORP,mechanistic_ratio
S20,22.9654636363636,22.831944086259504,0.1335195501040971,environment_only,ORP,mechanistic_ratio
S21,20.3272333333333,22.434546065734366,-2.1073127324010663,environment_only,ORP,mechanistic_ratio
S22,97.8035117647059,15.739618073819056,82.06389369088684,environment_only,ORP,mechanistic_ratio
S23,8.98973,21.10301005573773,-12.11328005573773,environment_only,ORP,mechanistic_ratio
S24,2.53203,18.163353203181067,-15.631323203181068,environment_only,ORP,mechanistic_ratio
S25,4.79285,16.225910655341327,-11.433060655341327,environment_only,ORP,mechanistic_ratio
S26,8.33764166666666,19.13479029774999,-10.797148631083331,environment_only,ORP,mechanistic_ratio
S27,11.6123555555556,20.233392474067685,-8.621036918512084,environment_only,ORP,mechanistic_ratio
S28,4.7573125,17.02919920360071,-12.27188670360071,environment_only,ORP,mechanistic_ratio
S30,1.22957,18.676745784825265,-17.447175784825266,environment_only,ORP,mechanistic_ratio
S01,24.0251483870968,18.111151987030553,5.913996400066246,baseline,,mechanistic_ratio
S02,20.4213806451613,18.239892252191698,2.1814883929696016,baseline,,mechanistic_ratio
S03,99.957735,15.398551721158121,84.55918327884189,baseline,,mechanistic_ratio
S04,3.62585384615385,18.83989223234137,-15.21403838618752,baseline,,mechanistic_ratio
S05,4.43015,18.676059544759525,-14.245909544759524,baseline,,mechanistic_ratio
S06,8.97778333333333,18.648700992882308,-9.670917659548978,baseline,,mechanistic_ratio
S07,16.7150777777778,18.372295461300336,-1.6572176835225356,baseline,,mechanistic_ratio
S08,7.9836,18.43486703626132,-10.45126703626132,baseline,,mechanistic_ratio
S09,2.54056666666667,18.356203231154083,-15.815636564487413,baseline,,mechanistic_ratio
S10,9.16958,18.641849287808096,-9.472269287808096,baseline,,mechanistic_ratio
S11,6.10548461538461,18.75131040754234,-12.645825792157732,baseline,,mechanistic_ratio
S12,3.49926363636364,18.77876767180541,-15.279504035441771,baseline,,mechanistic_ratio
S13,5.6308,18.76826794410648,-13.13746794410648,baseline,,mechanistic_ratio
S14,21.9599818181818,18.18492757711374,3.7750542410680588,baseline,,mechanistic_ratio
S15,0.71624,18.943834685044827,-18.227594685044828,baseline,,mechanistic_ratio
S16,3.32952,18.85047840233399,-15.52095840233399,baseline,,mechanistic_ratio
S17,2.90764444444444,18.985044856657485,-16.077400412213045,baseline,,mechanistic_ratio
S18,3.38784375,18.848394856562486,-15.460551106562486,baseline,,mechanistic_ratio
S19,102.275121428571,15.315765880155272,86.95935554841573,baseline,,mechanistic_ratio
S20,22.9654636363636,18.149007949336088,4.8164556870275135,baseline,,mechanistic_ratio
S21,20.3272333333333,18.17350332150375,2.153730011829552,baseline,,mechanistic_ratio
S22,97.8035117647059,15.475508753460957,82.32800301124495,baseline,,mechanistic_ratio
S23,8.98973,18.648274212594394,-9.658544212594395,baseline,,mechanistic_ratio
S24,2.53203,18.878967772741703,-16.346937772741704,baseline,,mechanistic_ratio
S25,4.79285,18.838722060796005,-14.045872060796006,baseline,,mechanistic_ratio
S26,8.33764166666666,18.671569283462844,-10.333927616796185,baseline,,mechanistic_ratio
S27,11.6123555555556,18.55458407115945,-6.9422285156038495,baseline,,mechanistic_ratio
S28,4.7573125,18.79947223373269,-14.042159733732689,baseline,,mechanistic_ratio
S30,1.22957,18.672898771002686,-17.443328771002687,baseline,,mechanistic_ratio
S01,24.0251483870968,18.146066575380463,5.879081811716336,concat,turbidity,mechanistic_ratio
S02,20.4213806451613,18.248970235939062,2.1724104092222376,concat,turbidity,mechanistic_ratio
S03,99.957735,15.154977734201582,84.80275726579842,concat,turbidity,mechanistic_ratio
S04,3.62585384615385,18.799130790591818,-15.173276944437967,concat,turbidity,mechanistic_ratio
S05,4.43015,18.65567204764448,-14.225522047644478,concat,turbidity,mechanistic_ratio
S06,8.97778333333333,18.813891017991207,-9.836107684657877,concat,turbidity,mechanistic_ratio
S07,16.7150777777778,18.394850398123875,-1.6797726203460748,concat,turbidity,mechanistic_ratio
S08,7.9836,18.474062371910904,-10.490462371910905,concat,turbidity,mechanistic_ratio
S09,2.54056666666667,18.332620225007698,-15.792053558341028,concat,turbidity,mechanistic_ratio
S10,9.16958,18.60739334844371,-9.437813348443711,concat,turbidity,mechanistic_ratio
S11,6.10548461538461,18.720058995778466,-12.614574380393856,concat,turbidity,mechanistic_ratio
S12,3.49926363636364,18.739198254263407,-15.239934617899767,concat,turbidity,mechanistic_ratio
S13,5.6308,18.737096311253435,-13.106296311253434,concat,turbidity,mechanistic_ratio
S14,21.9599818181818,18.1494194636326,3.810562354549198,concat,turbidity,mechanistic_ratio
S15,0.71624,18.909285432102067,-18.193045432102068,concat,turbidity,mechanistic_ratio
S16,3.32952,18.812076413074998,-15.482556413074997,concat,turbidity,mechanistic_ratio
S17,2.90764444444444,18.96304015808662,-16.05539571364218,concat,turbidity,mechanistic_ratio
S18,3.38784375,18.82578348985957,-15.437939739859571,concat,turbidity,mechanistic_ratio
S19,102.275121428571,15.317243551012783,86.95787787755822,concat,turbidity,mechanistic_ratio
S20,22.9654636363636,18.23645334035158,4.729010296012021,concat,turbidity,mechanistic_ratio
S21,20.3272333333333,18.988318613353957,1.3389147199793427,concat,turbidity,mechanistic_ratio
S22,97.8035117647059,15.467108807485511,82.33640295722039,concat,turbidity,mechanistic_ratio
S23,8.98973,18.611881293743533,-9.622151293743533,concat,turbidity,mechanistic_ratio
S24,2.53203,18.847809721712157,-16.315779721712158,concat,turbidity,mechanistic_ratio
S25,4.79285,18.825759658762205,-14.032909658762206,concat,turbidity,mechanistic_ratio
S26,8.33764166666666,18.672429722174154,-10.334788055507495,concat,turbidity,mechanistic_ratio
S27,11.6123555555556,18.549300368063005,-6.936944812507404,concat,turbidity,mechanistic_ratio
S28,4.7573125,18.761426481148956,-14.004113981148954,concat,turbidity,mechanistic_ratio
S30,1.22957,18.63661790851749,-17.40704790851749,concat,turbidity,mechanistic_ratio
S01,24.0251483870968,18.10653838495198,5.9186100021448205,corrected,turbidity,mechanistic_ratio
S02,20.4213806451613,18.238290721324255,2.183089923837045,corrected,turbidity,mechanistic_ratio
S03,99.957735,15.399341256129418,84.55839374387058,corrected,turbidity,mechanistic_ratio
S04,3.62585384615385,18.845220632091713,-15.219366785937863,corrected,turbidity,mechanistic_ratio
S05,4.43015,18.691287641171545,-14.261137641171544,corrected,turbidity,mechanistic_ratio
S06,8.97778333333333,18.636716699313123,-9.658933365979793,corrected,turbidity,mechanistic_ratio
S07,16.7150777777778,18.369248178861707,-1.6541704010839062,corrected,turbidity,mechanistic_ratio
S08,7.9836,18.39004422153419,-10.40644422153419,corrected,turbidity,mechanistic_ratio
S09,2.54056666666667,18.370606309941984,-15.830039643275313,corrected,turbidity,mechanistic_ratio
S10,9.16958,18.645606529356385,-9.476026529356385,corrected,turbidity,mechanistic_ratio
S11,6.10548461538461,18.754805302308537,-12.649320686923927,corrected,turbidity,mechanistic_ratio
S12,3.49926363636364,18.777949937474297,-15.278686301110657,corrected,turbidity,mechanistic_ratio
S13,5.6308,18.771781391036978,-13.140981391036977,corrected,turbidity,mechanistic_ratio
S14,21.9599818181818,18.18802965768718,3.7719521604946173,corrected,turbidity,mechanistic_ratio
S15,0.71624,18.94832750810498,-18.232087508104982,corrected,turbidity,mechanistic_ratio
S16,3.32952,18.85540697080817,-15.525886970808168,corrected,turbidity,mechanistic_ratio
S17,2.90764444444444,18.917574423235475,-16.009929978791035,corrected,turbidity,mechanistic_ratio
S18,3.38784375,18.850723792129845,-15.462880042129845,corrected,turbidity,mechanistic_ratio
S19,102.275121428571,15.315023206210329,86.96009822236067,corrected,turbidity,mechanistic_ratio
S20,22.9654636363636,18.137947830250084,4.827515806113517,corrected,turbidity,mechanistic_ratio
S21,20.3272333333333,18.25696884750772,2.0702644858255788,corrected,turbidity,mechanistic_ratio
S22,97.8035117647059,15.475483776204971,82.32802798850093,corrected,turbidity,mechanistic_ratio
S23,8.98973,18.652323104678988,-9.662593104678988,corrected,turbidity,mechanistic_ratio
S24,2.53203,18.882692149563898,-16.3506621495639,corrected,turbidity,mechanistic_ratio
S25,4.79285,18.708845590064442,-13.915995590064442,corrected,turbidity,mechanistic_ratio
S26,8.33764166666666,18.67086778855932,-10.333226121892661,corrected,turbidity,mechanistic_ratio
S27,11.6123555555556,18.55457760317834,-6.9422220476227405,corrected,turbidity,mechanistic_ratio
S28,4.7573125,18.80417654647589,-14.04686404647589,corrected,turbidity,mechanistic_ratio
S30,1.22957,18.688926012825394,-17.459356012825396,corrected,turbidity,mechanistic_ratio
S01,24.0251483870968,18.53476259431172,5.49038579278508,environment_only,turbidity,mechanistic_ratio
S02,20.4213806451613,18.346684722093574,2.0746959230677255,environment_only,turbidity,mechanistic_ratio
S03,99.957735,14.629626165842774,85.32810883415722,environment_only,turbidity,mechanistic_ratio
S04,3.62585384615385,18.335075699890314,-14.709221853736464,environment_only,turbidity,mechanistic_ratio
S05,4.43015,18.551357892342846,-14.121207892342845,environment_only,turbidity,mechanistic_ratio
S06,8.97778333333333,21.50257349772015,-12.52479016438682,environment_only,turbidity,mechanistic_ratio
S07,16.7150777777778,18.64425397715773,-1.9291761993799312,environment_only,turbidity,mechanistic_ratio
S08,7.9836,19.17102704534833,-11.187427045348329,environment_only,turbidity,mechanistic_ratio
S09,2.54056666666667,18.577394254966162,-16.03682758829949,environment_only,turbidity,mechanistic_ratio
S10,9.16958,18.21466752041431,-9.04508752041431,environment_only,turbidity,mechanistic_ratio
S11,6.10548461538461,18.363357318148378,-12.257872702763768,environment_only,turbidity,mechanistic_ratio
S12,3.49926363636364,18.356109753080844,-14.856846116717204,environment_only,turbidity,mechanistic_ratio
S13,5.6308,18.38127977057392,-12.750479770573918,environment_only,turbidity,mechanistic_ratio
S14,21.9599818181818,17.745211679087536,4.214770139094263,environment_only,turbidity,mechanistic_ratio
S15,0.71624,18.51519933723186,-17.79895933723186,environment_only,turbidity,mechanistic_ratio
S16,3.32952,18.374630261090424,-15.045110261090423,environment_only,turbidity,mechanistic_ratio
S17,2.90764444444444,18.61191775495945,-15.70427331051501,environment_only,turbidity,mechanistic_ratio
S18,3.38784375,18.56640585504719,-15.17856210504719,environment_only,turbidity,mechanistic_ratio
S19,102.275121428571,15.337720063858258,86.93740136471274,environment_only,turbidity,mechanistic_ratio
S20,22.9654636363636,19.216862453819193,3.7486011825444088,environment_only,turbidity,mechanistic_ratio
S21,20.3272333333333,28.16915847534443,-7.8419251420111316,environment_only,turbidity,mechanistic_ratio
S22,97.8035117647059,15.326512285856538,82.47699947884936,environment_only,turbidity,mechanistic_ratio
S23,8.98973,18.197319096932645,-9.207589096932645,environment_only,turbidity,mechanistic_ratio
S24,2.53203,18.492049590921287,-15.960019590921288,environment_only,turbidity,mechanistic_ratio
S25,4.79285,18.672830454543224,-13.879980454543224,environment_only,turbidity,mechanistic_ratio
S26,8.33764166666666,18.677510413178272,-10.339868746511613,environment_only,turbidity,mechanistic_ratio
S27,11.6123555555556,18.485229712713583,-6.872874157157982,environment_only,turbidity,mechanistic_ratio
S28,4.7573125,18.32806365583533,-13.570751155835328,environment_only,turbidity,mechanistic_ratio
S30,1.22957,18.62492523949219,-17.39535523949219,environment_only,turbidity,mechanistic_ratio
S01,24.0251483870968,24.88277555214185,-0.8576271650450522,concat,salinity+pH,raw_intensity
S02,20.4213806451613,21.28643662184215,-0.8650559766808499,concat,salinity+pH,raw_intensity
S03,99.957735,89.09297331552179,10.86476168447821,concat,salinity+pH,raw_intensity
S04,3.62585384615385,19.743206712466627,-16.11735286631278,concat,salinity+pH,raw_intensity
S05,4.43015,-1.3250942290894052,5.7552442290894055,concat,salinity+pH,raw_intensity
S06,8.97778333333333,17.605027722739514,-8.627244389406185,concat,salinity+pH,raw_intensity
S07,16.7150777777778,26.51143451133779,-9.796356733559989,concat,salinity+pH,raw_intensity
S08,7.9836,6.747243011172229,1.2363569888277715,concat,salinity+pH,raw_intensity
S09,2.54056666666667,7.2339372242679225,-4.693370557601252,concat,salinity+pH,raw_intensity
S10,9.16958,-6.72156391237796,15.89114391237796,concat,salinity+pH,raw_intensity
S11,6.10548461538461,7.777748479071921,-1.672263863687311,concat,salinity+pH,raw_intensity
S12,3.49926363636364,4.183946887350805,-0.684683250987165,concat,salinity+pH,raw_intensity
S13,5.6308,0.8958704704468126,4.734929529553187,concat,salinity+pH,raw_intensity
S14,21.9599818181818,19.677929025684502,2.2820527924972964,concat,salinity+pH,raw_intensity
S15,0.71624,13.224488846846848,-12.508248846846847,concat,salinity+pH,raw_intensity
S16,3.32952,5.107701854884219,-1.778181854884219,concat,salinity+pH,raw_intensity
S17,2.90764444444444,-2.115713168215059,5.023357612659499,concat,salinity+pH,raw_intensity
S18,3.38784375,-0.7039276233735663,4.091771373373566,concat,salinity+pH,raw_intensity
S19,102.275121428571,120.00992341407657,-17.73480198550557,concat,salinity+pH,raw_intensity
S20,22.9654636363636,13.399648259183966,9.565815377179636,concat,salinity+pH,raw_intensity
S21,20.3272333333333,32.70618798945541,-12.378954656122108,concat,salinity+pH,raw_intensity
S22,97.8035117647059,72.47870617791327,25.324805586792635,concat,salinity+pH,raw_intensity
S23,8.98973,15.534191716979596,-6.544461716979596,concat,salinity+pH,raw_intensity
S24,2.53203,6.519759261815773,-3.9877292618157734,concat,salinity+pH,raw_intensity
S25,4.79285,10.894353707635434,-6.101503707635434,concat,salinity+pH,raw_intensity
S26,8.33764166666666,5.152284601167953,3.1853570654987067,concat,salinity+pH,raw_intensity
S27,11.6123555555556,6.18494651721274,5.42740903834286,concat,salinity+pH,raw_intensity
S28,4.7573125,8.59201928215635,-3.83470678215635,concat,salinity+pH,raw_intensity
S30,1.22957,-2.4872928330902937,3.7168628330902935,concat,salinity+pH,raw_intensity
S01,24.0251483870968,13.467513432314306,10.557634954782493,corrected,salinity+pH,raw_intensity
S02,20.4213806451613,24.419251102861722,-3.9978704577004223,corrected,salinity+pH,raw_intensity
S03,99.957735,93.8592526557498,6.0984823442502005,corrected,salinity+pH,raw_intensity
S04,3.62585384615385,18.792412497221708,-15.166558651067858,corrected,salinity+pH,raw_intensity
S05,4.43015,-1.0156953439521885,5.445845343952189,corrected,salinity+pH,raw_intensity
S06,8.97778333333333,15.392668409775096,-6.414885076441767,corrected,salinity+pH,raw_intensity
S07,16.7150777777778,22.45890839098391,-5.743830613206111,corrected,salinity+pH,raw_intensity
S08,7.9836,5.245443353206998,2.7381566467930023,corrected,salinity+pH,raw_intensity
S09,2.54056666666667,6.559523553365528,-4.018956886698858,corrected,salinity+pH,raw_intensity
S10,9.16958,-0.36754306018665517,9.537123060186655,corrected,salinity+pH,raw_intensity
S11,6.10548461538461,11.137918539974748,-5.032433924590139,corrected,salinity+pH,raw_intensity
S12,3.49926363636364,4.891510665772447,-1.3922470294088072,corrected,salinity+pH,raw_intensity
S13,5.6308,6.188278489058671,-0.5574784890586715,corrected,salinity+pH,raw_intensity
S14,21.9599818181818,18.285358080995394,3.674623737186405,corrected,salinity+pH,raw_intensity
S15,0.71624,5.26470408556875,-4.54846408556875,corrected,salinity+pH,raw_intensity
S16,3.32952,6.971051163296639,-3.6415311632966394,corrected,salinity+pH,raw_intensity
S17,2.90764444444444,-0.24129779252565697,3.148942236970097,corrected,salinity+pH,raw_intensity
S18,3.38784375,3.572261650206844,-0.184417900206844,corrected,salinity+pH,raw_intensity
S19,102.275121428571,122.84348377206588,-20.568362343494883,corrected,salinity+pH,raw_intensity
S20,22.9654636363636,23.8352398552781,-0.8697762189144989,corrected,salinity+pH,raw_intensity
S21,20.3272333333333,39.99686975227303,-19.669636418939728,corrected,salinity+pH,raw_intensity
S22,97.8035117647059,69.17248867305196,28.631023091653944,corrected,salinity+pH,raw_intensity
S23,8.98973,13.245316732287707,-4.255586732287707,corrected,salinity+pH,raw_intensity
S24,2.53203,7.2209566739275335,-4.688926673927534,corrected,salinity+pH,raw_intensity
S25,4.79285,2.362418129620668,2.4304318703793317,corrected,salinity+pH,raw_intensity
S26,8.33764166666666,4.822473870945274,3.5151677957213856,corrected,salinity+pH,raw_intensity
S27,11.6123555555556,5.983916622470797,5.628438933084803,corrected,salinity+pH,raw_intensity
S28,4.7573125,25.16431709669007,-20.40700459669007,corrected,salinity+pH,raw_intensity
S30,1.22957,-0.7835175353865935,2.0130875353865934,corrected,salinity+pH,raw_intensity
S01,24.0251483870968,18.55110155842932,5.474046828667479,environment_only,salinity+pH,raw_intensity
S02,20.4213806451613,18.140598223207697,2.280782421953603,environment_only,salinity+pH,raw_intensity
S03,99.957735,15.224464116063398,84.7332708839366,environment_only,salinity+pH,raw_intensity
S04,3.62585384615385,18.78561921983448,-15.15976537368063,environment_only,salinity+pH,raw_intensity
S05,4.43015,18.84776323137899,-14.41761323137899,environment_only,salinity+pH,raw_intensity
S06,8.97778333333333,18.704482712994896,-9.726699379661566,environment_only,salinity+pH,raw_intensity
S07,16.7150777777778,18.377385907371842,-1.6623081295940416,environment_only,salinity+pH,raw_intensity
S08,7.9836,18.73740656699552,-10.753806566995522,environment_only,salinity+pH,raw_intensity
S09,2.54056666666667,18.902379046812122,-16.36181238014545,environment_only,salinity+pH,raw_intensity
S10,9.16958,18.69266223987161,-9.52308223987161,environment_only,salinity+pH,raw_intensity
S11,6.10548461538461,18.68981195661314,-12.584327341228532,environment_only,salinity+pH,raw_intensity
S12,3.49926363636364,18.87642594200978,-15.377162305646142,environment_only,salinity+pH,raw_intensity
S13,5.6308,18.646880232609703,-13.016080232609703,environment_only,salinity+pH,raw_intensity
S14,21.9599818181818,18.16906241915749,3.7909193990243075,environment_only,salinity+pH,raw_intensity
S15,0.71624,19.14959815059998,-18.433358150599982,environment_only,salinity+pH,raw_intensity
S16,3.32952,18.777178328659524,-15.447658328659523,environment_only,salinity+pH,raw_intensity
S17,2.90764444444444,18.816805550167725,-15.909161105723285,environment_only,salinity+pH,raw_intensity
S18,3.38784375,18.72191788206618,-15.33407413206618,environment_only,salinity+pH,raw_intensity
S19,102.275121428571,8.491654585306883,93.78346684326411,environment_only,salinity+pH,raw_intensity
S20,22.9654636363636,18.159840866271306,4.805622770092295,environment_only,salinity+pH,raw_intensity
S21,20.3272333333333,18.312364786438646,2.014868546894654,environment_only,salinity+pH,raw_intensity
S22,97.8035117647059,15.492491182668052,82.31102058203786,environment_only,salinity+pH,raw_intensity
S23,8.98973,18.683252541831024,-9.693522541831024,environment_only,salinity+pH,raw_intensity
S24,2.53203,18.824179240958976,-16.292149240958977,environment_only,salinity+pH,raw_intensity
S25,4.79285,19.02187578022278,-14.229025780222779,environment_only,salinity+pH,raw_intensity
S26,8.33764166666666,18.6498801419294,-10.312238475262742,environment_only,salinity+pH,raw_intensity
S27,11.6123555555556,18.56905951173383,-6.956703956178229,environment_only,salinity+pH,raw_intensity
S28,4.7573125,18.313787769500316,-13.556475269500314,environment_only,salinity+pH,raw_intensity
S30,1.22957,18.87655402821933,-17.646984028219332,environment_only,salinity+pH,raw_intensity
S01,24.0251483870968,26.11263703483415,-2.087488647737352,concat,salinity+pH+temperature,raw_intensity
S02,20.4213806451613,21.720039890798493,-1.298659245637193,concat,salinity+pH+temperature,raw_intensity
S03,99.957735,89.07996494315138,10.877770056848618,concat,salinity+pH+temperature,raw_intensity
S04,3.62585384615385,19.917488084060093,-16.291634237906244,concat,salinity+pH+temperature,raw_intensity
S05,4.43015,-1.7271814110976855,6.157331411097686,concat,salinity+pH+temperature,raw_intensity
S06,8.97778333333333,17.433780581867076,-8.455997248533746,concat,salinity+pH+temperature,raw_intensity
S07,16.7150777777778,26.497066374374462,-9.781988596596662,concat,salinity+pH+temperature,raw_intensity
S08,7.9836,6.594130096735908,1.389469903264092,concat,salinity+pH+temperature,raw_intensity
S09,2.54056666666667,7.242338462718157,-4.701771796051487,concat,salinity+pH+temperature,raw_intensity
S10,9.16958,-9.03588459109492,18.20546459109492,concat,salinity+pH+temperature,raw_intensity
S11,6.10548461538461,7.7010699677890635,-1.5955853524044539,concat,salinity+pH+temperature,raw_intensity
S12,3.49926363636364,4.428755788244603,-0.9294921518809627,concat,salinity+pH+temperature,raw_intensity
S13,5.6308,0.3778045263834464,5.252995473616553,concat,salinity+pH+temperature,raw_intensity
S14,21.9599818181818,19.393537342236442,2.5664444759453566,concat,salinity+pH+temperature,raw_intensity
S15,0.71624,13.500953852843185,-12.784713852843186,concat,salinity+pH+temperature,raw_intensity
S16,3.32952,5.192749162002697,-1.8632291620026966,concat,salinity+pH+temperature,raw_intensity
S17,2.90764444444444,-2.774401675490367,5.682046119934807,concat,salinity+pH+temperature,raw_intensity
S18,3.38784375,-1.0095004325757344,4.3973441825757345,concat,salinity+pH+temperature,raw_intensity
S19,102.275121428571,158.40192508172643,-56.126803653155434,concat,salinity+pH+temperature,raw_intensity
S20,22.9654636363636,13.13105810089322,9.834405535470381,concat,salinity+pH+temperature,raw_intensity
S21,20.3272333333333,32.63992198793242,-12.312688654599118,concat,salinity+pH+temperature,raw_intensity
S22,97.8035117647059,72.126706414498,25.6768053502079,concat,salinity+pH+temperature,raw_intensity
S23,8.98973,16.131522536695417,-7.141792536695418,concat,salinity+pH+temperature,raw_intensity
S24,2.53203,6.634682822017073,-4.102652822017073,concat,salinity+pH+temperature,raw_intensity
S25,4.79285,11.482713883004102,-6.689863883004103,concat,salinity+pH+temperature,raw_intensity
S26,8.33764166666666,4.840961504226081,3.496680162440578,concat,salinity+pH+temperature,raw_intensity
S27,11.6123555555556,6.18876741486153,5.42358814069407,concat,salinity+pH+temperature,raw_intensity
S28,4.7573125,9.890853508400983,-5.133541008400983,concat,salinity+pH+temperature,raw_intensity
S30,1.22957,-2.595139392236721,3.824709392236721,concat,salinity+pH+temperature,raw_intensity
S01,24.0251483870968,12.788487785765586,11.236660601331213,corrected,salinity+pH+temperature,raw_intensity
S02,20.4213806451613,22.8207966911526,-2.399416045991302,corrected,salinity+pH+temperature,raw_intensity
S03,99.957735,91.45861823303065,8.499116766969351,corrected,salinity+pH+temperature,raw_intensity
S04,3.62585384615385,19.634428857387103,-16.008575011233255,corrected,salinity+pH+temperature,raw_intensity
S05,4.43015,1.6802305317076751,2.749919468292325,corrected,salinity+pH+temperature,raw_intensity
S06,8.97778333333333,17.50325631948272,-8.52547298614939,corrected,salinity+pH+temperature,raw_intensity
S07,16.7150777777778,21.952753552444584,-5.2376757746667835,corrected,salinity+pH+temperature,raw_intensity
S08,7.9836,6.836679691761059,1.1469203082389408,corrected,salinity+pH+temperature,raw_intensity
S09,2.54056666666667,7.997790784810155,-5.457224118143484,corrected,salinity+pH+temperature,raw_intensity
S10,9.16958,0.6763423438035439,8.493237656196456,corrected,salinity+pH+temperature,raw_intensity
S11,6.10548461538461,16.56872294475131,-10.463238329366702,corrected,salinity+pH+temperature,raw_intensity
S12,3.49926363636364,3.730036779861308,-0.2307731434976681,corrected,salinity+pH+temperature,raw_intensity
S13,5.6308,10.364235180329766,-4.733435180329766,corrected,salinity+pH+temperature,raw_intensity
S14,21.9599818181818,14.998172222546126,6.961809595635673,corrected,salinity+pH+temperature,raw_intensity
S15,0.71624,4.4902433692420765,-3.7740033692420765,corrected,salinity+pH+temperature,raw_intensity
S16,3.32952,6.050309559417306,-2.7207895594173057,corrected,salinity+pH+temperature,raw_intensity
S17,2.90764444444444,2.415885476558195,0.49175896788624485,corrected,salinity+pH+temperature,raw_intensity
S18,3.38784375,5.433243342305719,-2.045399592305719,corrected,salinity+pH+temperature,raw_intensity
S19,102.275121428571,107.30293819851796,-5.027816769946966,corrected,salinity+pH+temperature,raw_intensity
S20,22.9654636363636,36.288859287413125,-13.323395651049523,corrected,salinity+pH+temperature,raw_intensity
S21,20.3272333333333,49.863589250790454,-29.536355917457154,corrected,salinity+pH+temperature,raw_intensity
S22,97.8035117647059,69.18498790281063,28.61852386189527,corrected,salinity+pH+temperature,raw_intensity
S23,8.98973,5.221110655382583,3.7686193446174165,corrected,salinity+pH+temperature,raw_intensity
S24,2.53203,5.026212335104082,-2.4941823351040826,corrected,salinity+pH+temperature,raw_intensity
S25,4.79285,-1.9250197960243334,6.717869796024333,corrected,salinity+pH+temperature,raw_intensity
S26,8.33764166666666,3.4495958303499066,4.888045836316753,corrected,salinity+pH+temperature,raw_intensity
S27,11.6123555555556,5.7836699058617995,5.828685649693801,corrected,salinity+pH+temperature,raw_intensity
S28,4.7573125,24.657781728754724,-19.900469228754723,corrected,salinity+pH+temperature,raw_intensity
S30,1.22957,-3.3551583536509852,4.584728353650985,corrected,salinity+pH+temperature,raw_intensity
S01,24.0251483870968,18.653322121723324,5.371826265373475,environment_only,salinity+pH+temperature,raw_intensity
S02,20.4213806451613,18.254681749012075,2.1666988961492244,environment_only,salinity+pH+temperature,raw_intensity
S03,99.957735,15.296077821149042,84.66165717885096,environment_only,salinity+pH+temperature,raw_intensity
S04,3.62585384615385,18.83617953348527,-15.210325687331421,environment_only,salinity+pH+temperature,raw_intensity
S05,4.43015,18.668279774496984,-14.238129774496983,environment_only,salinity+pH+temperature,raw_intensity
S06,8.97778333333333,18.56629824745663,-9.5885149141233,environment_only,salinity+pH+temperature,raw_intensity
S07,16.7150777777778,18.336306261642967,-1.621228483865167,environment_only,salinity+pH+temperature,raw_intensity
S08,7.9836,18.651840058890365,-10.668240058890365,environment_only,salinity+pH+temperature,raw_intensity
S09,2.54056666666667,18.80689983963209,-16.26633317296542,environment_only,salinity+pH+temperature,raw_intensity
S10,9.16958,18.763303073137664,-9.593723073137664,environment_only,salinity+pH+temperature,raw_intensity
S11,6.10548461538461,18.44615415012912,-12.340669534744512,environment_only,salinity+pH+temperature,raw_intensity
S12,3.49926363636364,19.080424186103567,-15.581160549739927,environment_only,salinity+pH+temperature,raw_intensity
S13,5.6308,18.44492981481295,-12.81412981481295,environment_only,salinity+pH+temperature,raw_intensity
S14,21.9599818181818,18.17028387967835,3.7896979385034477,environment_only,salinity+pH+temperature,raw_intensity
S15,0.71624,19.04297425523837,-18.32673425523837,environment_only,salinity+pH+temperature,raw_intensity
S16,3.32952,18.795586032272503,-15.466066032272503,environment_only,salinity+pH+temperature,raw_intensity
S17,2.90764444444444,18.66042628864208,-15.752781844197639,environment_only,salinity+pH+temperature,raw_intensity
S18,3.38784375,18.57140252129035,-15.183558771290349,environment_only,salinity+pH+temperature,raw_intensity
S19,102.275121428571,4.78590894356423,97.48921248500676,environment_only,salinity+pH+temperature,raw_intensity
S20,22.9654636363636,18.03204788692633,4.933415749437273,environment_only,salinity+pH+temperature,raw_intensity
S21,20.3272333333333,18.19179748819454,2.135435845138762,environment_only,salinity+pH+temperature,raw_intensity
S22,97.8035117647059,15.504056291429508,82.2994554732764,environment_only,salinity+pH+temperature,raw_intensity
S23,8.98973,19.092733697554173,-10.103003697554174,environment_only,salinity+pH+temperature,raw_intensity
S24,2.53203,18.89177990210808,-16.35974990210808,environment_only,salinity+pH+temperature,raw_intensity
S25,4.79285,19.36261335598324,-14.56976335598324,environment_only,salinity+pH+temperature,raw_intensity
S26,8.33764166666666,18.693229567754482,-10.355587901087823,environment_only,salinity+pH+temperature,raw_intensity
S27,11.6123555555556,18.59811707317665,-6.985761517621048,environment_only,salinity+pH+temperature,raw_intensity
S28,4.7573125,18.377314334753926,-13.620001834753925,environment_only,salinity+pH+temperature,raw_intensity
S30,1.22957,19.06961450138683,-17.84004450138683,environment_only,salinity+pH+temperature,raw_intensity
S01,24.0251483870968,16.144185199201466,7.880963187895333,concat,salinity+pH+temperature+DO+ORP+turbidity,raw_intensity
S02,20.4213806451613,19.336624692620973,1.084755952540327,concat,salinity+pH+temperature+DO+ORP+turbidity,raw_intensity
S03,99.957735,92.0151079414994,7.942627058500605,concat,salinity+pH+temperature+DO+ORP+turbidity,raw_intensity
S04,3.62585384615385,20.049450141264934,-16.423596295111086,concat,salinity+pH+temperature+DO+ORP+turbidity,raw_intensity
S05,4.43015,-0.4811044138394429,4.911254413839443,concat,salinity+pH+temperature+DO+ORP+turbidity,raw_intensity
S06,8.97778333333333,14.628624555846452,-5.650841222513122,concat,salinity+pH+temperature+DO+ORP+turbidity,raw_intensity
S07,16.7150777777778,28.73965093311655,-12.02457315533875,concat,salinity+pH+temperature+DO+ORP+turbidity,raw_intensity
S08,7.9836,6.229051463012047,1.7545485369879534,concat,salinity+pH+temperature+DO+ORP+turbidity,raw_intensity
S09,2.54056666666667,10.161367638869175,-7.620800972202504,concat,salinity+pH+temperature+DO+ORP+turbidity,raw_intensity
S10,9.16958,-9.193459947951716,18.363039947951716,concat,salinity+pH+temperature+DO+ORP+turbidity,raw_intensity
S11,6.10548461538461,12.942726272566969,-6.837241657182359,concat,salinity+pH+temperature+DO+ORP+turbidity,raw_intensity
S12,3.49926363636364,9.979840555468252,-6.480576919104612,concat,salinity+pH+temperature+DO+ORP+turbidity,raw_intensity
S13,5.6308,-9.8054209779779,15.4362209779779,concat,salinity+pH+temperature+DO+ORP+turbidity,raw_intensity
S14,21.9599818181818,17.826281846152995,4.133699972028804,concat,salinity+pH+temperature+DO+ORP+turbidity,raw_intensity
S15,0.71624,11.950963837980057,-11.234723837980056,concat,salinity+pH+temperature+DO+ORP+turbidity,raw_intensity
S16,3.32952,2.6631072084007954,0.6664127915992046,concat,salinity+pH+temperature+DO+ORP+turbidity,raw_intensity
S17,2.90764444444444,-1.27415451473059,4.18179895917503,concat,salinity+pH+temperature+DO+ORP+turbidity,raw_intensity
S18,3.38784375,-1.5247758002418124,4.912619550241812,concat,salinity+pH+temperature+DO+ORP+turbidity,raw_intensity
S19,102.275121428571,109.268947153364,-6.993825724792998,concat,salinity+pH+temperature+DO+ORP+turbidity,raw_intensity
S20,22.9654636363636,17.742531783951897,5.222931852411705,concat,salinity+pH+temperature+DO+ORP+turbidity,raw_intensity
S21,20.3272333333333,21.55952371222804,-1.2322903788947386,concat,salinity+pH+temperature+DO+ORP+turbidity,raw_intensity
S22,97.8035117647059,77.299676420023,20.503835344682898,concat,salinity+pH+temperature+DO+ORP+turbidity,raw_intensity
S23,8.98973,17.15223307611502,-8.162503076115021,concat,salinity+pH+temperature+DO+ORP+turbidity,raw_intensity
S24,2.53203,6.014226163422009,-3.4821961634220093,concat,salinity+pH+temperature+DO+ORP+turbidity,raw_intensity
S25,4.79285,4.170607527770407,0.6222424722295923,concat,salinity+pH+temperature+DO+ORP+turbidity,raw_intensity
S26,8.33764166666666,7.1260819260548764,1.2115597406117828,concat,salinity+pH+temperature+DO+ORP+turbidity,raw_intensity
S27,11.6123555555556,7.9235217236947815,3.688833831860819,concat,salinity+pH+temperature+DO+ORP+turbidity,raw_intensity
S28,4.7573125,-14.704994935732334,19.462307435732335,concat,salinity+pH+temperature+DO+ORP+turbidity,raw_intensity
S30,1.22957,-0.7518644871188762,1.9814344871188763,concat,salinity+pH+temperature+DO+ORP+turbidity,raw_intensity
S01,24.0251483870968,29.74268512944061,-5.71753674234381,corrected,salinity+pH+temperature+DO+ORP+turbidity,raw_intensity
S02,20.4213806451613,22.877843834018165,-2.4564631888568655,corrected,salinity+pH+temperature+DO+ORP+turbidity,raw_intensity
S03,99.957735,62.8134724340328,37.144262565967196,corrected,salinity+pH+temperature+DO+ORP+turbidity,raw_intensity
S04,3.62585384615385,27.442360000837326,-23.816506154683477,corrected,salinity+pH+temperature+DO+ORP+turbidity,raw_intensity
S05,4.43015,9.186917768846609,-4.756767768846609,corrected,salinity+pH+temperature+DO+ORP+turbidity,raw_intensity
S06,8.97778333333333,9.614776899723365,-0.6369935663900357,corrected,salinity+pH+temperature+DO+ORP+turbidity,raw_intensity
S07,16.7150777777778,12.99314831088539,3.7219294668924103,corrected,salinity+pH+temperature+DO+ORP+turbidity,raw_intensity
S08,7.9836,11.726829843650883,-3.743229843650883,corrected,salinity+pH+temperature+DO+ORP+turbidity,raw_intensity
S09,2.54056666666667,4.8939196842462565,-2.3533530175795865,corrected,salinity+pH+temperature+DO+ORP+turbidity,raw_intensity
S10,9.16958,2.0511651438212475,7.118414856178752,corrected,salinity+pH+temperature+DO+ORP+turbidity,raw_intensity
S11,6.10548461538461,22.18719747758422,-16.08171286219961,corrected,salinity+pH+temperature+DO+ORP+turbidity,raw_intensity
S12,3.49926363636364,0.8975087631646801,2.60175487319896,corrected,salinity+pH+temperature+DO+ORP+turbidity,raw_intensity
S13,5.6308,30.044928485541554,-24.414128485541553,corrected,salinity+pH+temperature+DO+ORP+turbidity,raw_intensity
S14,21.9599818181818,43.40561842644982,-21.44563660826802,corrected,salinity+pH+temperature+DO+ORP+turbidity,raw_intensity
S15,0.71624,8.976304777431812,-8.260064777431811,corrected,salinity+pH+temperature+DO+ORP+turbidity,raw_intensity
S16,3.32952,11.689403017547175,-8.359883017547174,corrected,salinity+pH+temperature+DO+ORP+turbidity,raw_intensity
S17,2.90764444444444,15.06465525900225,-12.157010814557811,corrected,salinity+pH+temperature+DO+ORP+turbidity,raw_intensity
S18,3.38784375,7.868745865570014,-4.480902115570014,corrected,salinity+pH+temperature+DO+ORP+turbidity,raw_intensity
S19,102.275121428571,63.59081240575136,38.68430902281964,corrected,salinity+pH+temperature+DO+ORP+turbidity,raw_intensity
S20,22.9654636363636,24.152432395396602,-1.1869687590330003,corrected,salinity+pH+temperature+DO+ORP+turbidity,raw_intensity
S21,20.3272333333333,18.232347754625245,2.0948855787080554,corrected,salinity+pH+temperature+DO+ORP+turbidity,raw_intensity
S22,97.8035117647059,47.48771941770077,50.315792347005136,corrected,salinity+pH+temperature+DO+ORP+turbidity,raw_intensity
S23,8.98973,3.350445589882126,5.639284410117874,corrected,salinity+pH+temperature+DO+ORP+turbidity,raw_intensity
S24,2.53203,0.9584071016790823,1.5736228983209175,corrected,salinity+pH+temperature+DO+ORP+turbidity,raw_intensity
S25,4.79285,0.41855942934195056,4.374290570658049,corrected,salinity+pH+temperature+DO+ORP+turbidity,raw_intensity
S26,8.33764166666666,7.048068864783497,1.2895728018831623,corrected,salinity+pH+temperature+DO+ORP+turbidity,raw_intensity
S27,11.6123555555556,17.85331285156681,-6.240957296011208,corrected,salinity+pH+temperature+DO+ORP+turbidity,raw_intensity
S28,4.7573125,-21.638268868296393,26.395581368296394,corrected,salinity+pH+temperature+DO+ORP+turbidity,raw_intensity
S30,1.22957,1.2055401200228175,0.024029879977182533,corrected,salinity+pH+temperature+DO+ORP+turbidity,raw_intensity
S01,24.0251483870968,6.980563402391699,17.0445849847051,environment_only,salinity+pH+temperature+DO+ORP+turbidity,raw_intensity
S02,20.4213806451613,9.67262403178296,10.74875661337834,environment_only,salinity+pH+temperature+DO+ORP+turbidity,raw_intensity
S03,99.957735,16.94741163058142,83.01032336941859,environment_only,salinity+pH+temperature+DO+ORP+turbidity,raw_intensity
S04,3.62585384615385,3.2950518307649386,0.3308020153889113,environment_only,salinity+pH+temperature+DO+ORP+turbidity,raw_intensity
S05,4.43015,15.991193776290615,-11.561043776290614,environment_only,salinity+pH+temperature+DO+ORP+turbidity,raw_intensity
S06,8.97778333333333,14.959780639421814,-5.981997306088484,environment_only,salinity+pH+temperature+DO+ORP+turbidity,raw_intensity
S07,16.7150777777778,26.93555586042521,-10.22047808264741,environment_only,salinity+pH+temperature+DO+ORP+turbidity,raw_intensity
S08,7.9836,15.259290894839609,-7.275690894839609,environment_only,salinity+pH+temperature+DO+ORP+turbidity,raw_intensity
S09,2.54056666666667,29.36040340599557,-26.8198367393289,environment_only,salinity+pH+temperature+DO+ORP+turbidity,raw_intensity
S10,9.16958,23.167405486200472,-13.997825486200473,environment_only,salinity+pH+temperature+DO+ORP+turbidity,raw_intensity
S11,6.10548461538461,11.848798639951603,-5.743314024566994,environment_only,salinity+pH+temperature+DO+ORP+turbidity,raw_intensity
S12,3.49926363636364,31.374409013361188,-27.875145376997548,environment_only,salinity+pH+temperature+DO+ORP+turbidity,raw_intensity
S13,5.6308,-10.26827092909052,15.89907092909052,environment_only,salinity+pH+temperature+DO+ORP+turbidity,raw_intensity
S14,21.9599818181818,-7.030988421750461,28.99097023993226,environment_only,salinity+pH+temperature+DO+ORP+turbidity,raw_intensity
S15,0.71624,20.986966910990482,-20.270726910990483,environment_only,salinity+pH+temperature+DO+ORP+turbidity,raw_intensity
S16,3.32952,2.4050468737181347,0.9244731262818653,environment_only,salinity+pH+temperature+DO+ORP+turbidity,raw_intensity
S17,2.90764444444444,10.006476363396867,-7.098831918952428,environment_only,salinity+pH+temperature+DO+ORP+turbidity,raw_intensity
S18,3.38784375,11.525508724278378,-8.137664974278378,environment_only,salinity+pH+temperature+DO+ORP+turbidity,raw_intensity
S19,102.275121428571,5.721432556729736,96.55368887184126,environment_only,salinity+pH+temperature+DO+ORP+turbidity,raw_intensity
S20,22.9654636363636,46.89060215509848,-23.925138518734876,environment_only,salinity+pH+temperature+DO+ORP+turbidity,raw_intensity
S21,20.3272333333333,26.72148207838903,-6.39424874505573,environment_only,salinity+pH+temperature+DO+ORP+turbidity,raw_intensity
S22,97.8035117647059,16.739374454340957,81.06413731036494,environment_only,salinity+pH+temperature+DO+ORP+turbidity,raw_intensity
S23,8.98973,31.247767169426197,-22.258037169426196,environment_only,salinity+pH+temperature+DO+ORP+turbidity,raw_intensity
S24,2.53203,18.820238015525856,-16.288208015525857,environment_only,salinity+pH+temperature+DO+ORP+turbidity,raw_intensity
S25,4.79285,9.845746515782487,-5.052896515782487,environment_only,salinity+pH+temperature+DO+ORP+turbidity,raw_intensity
S26,8.33764166666666,17.114677688003585,-8.777036021336926,environment_only,salinity+pH+temperature+DO+ORP+turbidity,raw_intensity
S27,11.6123555555556,17.359663332953453,-5.747307777397852,environment_only,salinity+pH+temperature+DO+ORP+turbidity,raw_intensity
S28,4.7573125,10.393809521651225,-5.636497021651224,environment_only,salinity+pH+temperature+DO+ORP+turbidity,raw_intensity
S30,1.22957,12.392956405452448,-11.163386405452448,environment_only,salinity+pH+temperature+DO+ORP+turbidity,raw_intensity
